first_name,last_name,phone,role,position,email,is_superuser
Manain,Paulino Nancabi,955767409,MEDICO,,manain.nancabi@sauvida.gw,
Mamadú,Aliu Baldé,955385030,MEDICO,,mamadu.balde@sauvida.gw,
Canhana,Djack,955246006,MEDICO,,canhana.djack@sauvida.gw,
Flávio,Mendes,955735938,MEDICO,,flavio.mendes@sauvida.gw,
Tino,Inluta,955242776,MEDICO,,tino.inluta@sauvida.gw,
Watson,Naquede,955765157,MEDICO,,watson.naquede@sauvida.gw,
Joaquim,Mendes,955155504,MEDICO,,joaquim.mendes@sauvida.gw,
Elvis,Luís Gomes,955936032,ENFERMEIRO,,elvis.gomes@sauvida.gw,
Midana,Indafa,955789834,ENFERMEIRO,,midana.indafa@sauvida.gw,
Dayze,Nhimanam Pereira Nam Dingna,956295437,ENFERMEIRO,,dayze.dingna@sauvida.gw,
Milquia,Inês Dias,955162780,ENFERMEIRO,,milquia.dias@sauvida.gw,
Verônica,Francisco Lopes,956930279,ENFERMEIRO,,veronica.lopes@sauvida.gw,
Bacar,Sidico Santos Sanha,955374796,ADMINISTRADOR,,bacar.sanha@sauvida.gw,true
Ângela,Martina Da Silva Dabo,956283584,PARTEIRA,Parteira,angela.dabo@sauvida.gw,
Manuela,Djó,955116106,PARTEIRA,Parteira,manuela.djo@sauvida.gw,
Sali,Uri Djaló,956086441,SECRETARIA,Secretária,sali.djalo@sauvida.gw,
Diamantino,Luís Nhaga,955584621,LABORATORIO,Técnico de laboratório,diamantino.nhaga@sauvida.gw,
Juelson,Bassafin,957704963,LABORATORIO,Técnico de laboratório,juelson.bassafin@sauvida.gw,
Bonina,Correia,955899824,DIRECTOR,Direção clínica,bonina.correia@sauvida.gw,
,,,RECECIONISTA,Receção / balcão,,,
