codigo,nome,categoria,departamento,especialidade,preco_fcfa,operacional,preco_confirmado,origem,observacoes,fotografia,estado,ativo,exige_pedido_medico,gera_resultado,versao_catalogo,data_versao,confirmado_por,data_confirmacao
CARD-CARTAO-DE-GRAVIDA,Cartão de Grávida,CARTAO,ADM,,2000,1,TRUE,OCR_FOTOGRAFIAS_CLINICA,,image-aee66803 (Farmácia / cartões / manuscrito),CONFIRMADO,1,0,0,SAUVIDA_V1,2026-07-31,,
CARD-CARTAO-DE-VACINA,Cartão de Vacina,CARTAO,ADM,,1000,1,TRUE,OCR_FOTOGRAFIAS_CLINICA,,image-aee66803 (Farmácia / cartões / manuscrito),CONFIRMADO,1,0,0,SAUVIDA_V1,2026-07-31,,
CIR-CESAR,Cesariana,CIRURGIA,MAT-PAR,,180000,1,TRUE,OCR_FOTOGRAFIAS_CLINICA,,image-0233a9e7 (PREÇÁRIO MÉDICO / HOSPITALAR),CONFIRMADO,1,0,0,SAUVIDA_V1,2026-07-31,,
CIR-DIU-APL,Aplicação ou Extração de DIU,PROCEDIMENTO,ESP-MED,,5000,1,TRUE,OCR_FOTOGRAFIAS_CLINICA,,image-0233a9e7 (PREÇÁRIO MÉDICO / HOSPITALAR),CONFIRMADO,1,0,0,SAUVIDA_V1,2026-07-31,,
CIR-ECTOP,Gravidez Ectópica,CIRURGIA,MAT-PAR,,180000,1,TRUE,OCR_FOTOGRAFIAS_CLINICA,,image-0233a9e7 (PREÇÁRIO MÉDICO / HOSPITALAR),CONFIRMADO,1,0,0,SAUVIDA_V1,2026-07-31,,
CIR-HERNIA,Hérnia,CIRURGIA,CIR,,200000,1,TRUE,OCR_FOTOGRAFIAS_CLINICA,,image-0233a9e7 (PREÇÁRIO MÉDICO / HOSPITALAR),CONFIRMADO,1,0,0,SAUVIDA_V1,2026-07-31,,
CIR-JAD-APL,Aplicação ou Extração de Jadel,PROCEDIMENTO,ESP-MED,,5000,1,TRUE,OCR_FOTOGRAFIAS_CLINICA,,image-0233a9e7 (PREÇÁRIO MÉDICO / HOSPITALAR),CONFIRMADO,1,0,0,SAUVIDA_V1,2026-07-31,,
CIR-MIOMA,Mioma,CIRURGIA,CIR,,250000,1,TRUE,OCR_FOTOGRAFIAS_CLINICA,,image-0233a9e7 (PREÇÁRIO MÉDICO / HOSPITALAR),CONFIRMADO,1,0,0,SAUVIDA_V1,2026-07-31,,
CIR-QUISTO,Quisto,CIRURGIA,CIR,,200000,1,TRUE,OCR_FOTOGRAFIAS_CLINICA,,image-0233a9e7 (PREÇÁRIO MÉDICO / HOSPITALAR),CONFIRMADO,1,0,0,SAUVIDA_V1,2026-07-31,,
CONS-CLIN-GER,Clínico Geral,CONSULTA,CONS-GER,,3000,1,TRUE,OCR_FOTOGRAFIAS_CLINICA,,image-0233a9e7 (PREÇÁRIO MÉDICO / HOSPITALAR),CONFIRMADO,1,0,0,SAUVIDA_V1,2026-07-31,,
CONS-CONTROLO,Controle,CONSULTA,CONS-GER,CLIN-GER,2000,1,TRUE,OCR_FOTOGRAFIAS_CLINICA,,image-0233a9e7 (PREÇÁRIO MÉDICO / HOSPITALAR),CONFIRMADO,1,0,0,SAUVIDA_V1,2026-07-31,,
CONS-ESP,Especialidade,CONSULTA,ESP-MED,,5000,1,TRUE,OCR_FOTOGRAFIAS_CLINICA,,image-0233a9e7 (PREÇÁRIO MÉDICO / HOSPITALAR),CONFIRMADO,1,0,0,SAUVIDA_V1,2026-07-31,,
CONS-PRE-NATAL,Pré-Natal,CONSULTA,MAT-PAR,OBS,3000,1,TRUE,OCR_FOTOGRAFIAS_CLINICA,,image-0233a9e7 (PREÇÁRIO MÉDICO / HOSPITALAR),CONFIRMADO,1,0,0,SAUVIDA_V1,2026-07-31,,
ECO-GO,Ecografia Geneco-Obstetricia,ECOGRAFIA,ECO,,10000,1,TRUE,OCR_FOTOGRAFIAS_CLINICA,,image-0233a9e7 (PREÇÁRIO MÉDICO / HOSPITALAR),CONFIRMADO,1,0,0,SAUVIDA_V1,2026-07-31,,
ECO-MORF,Ecografia Morfologia,ECOGRAFIA,ECO,,25000,1,TRUE,OCR_FOTOGRAFIAS_CLINICA,,image-0233a9e7 (PREÇÁRIO MÉDICO / HOSPITALAR),CONFIRMADO,1,0,0,SAUVIDA_V1,2026-07-31,,
ECO-REN-ABD,Ecografia Renal e Abdominal,ECOGRAFIA,ECO,,15000,1,TRUE,OCR_FOTOGRAFIAS_CLINICA,,image-0233a9e7 (PREÇÁRIO MÉDICO / HOSPITALAR),CONFIRMADO,1,0,0,SAUVIDA_V1,2026-07-31,,
LAB-ACIDO-URICO,Acido úrico,LABORATORIO,LAB,,4000,1,TRUE,OCR_FOTOGRAFIAS_CLINICA,,image-a003bcac (PREÇÁRIO LABORATÓRIO Bioquímica),CONFIRMADO,1,1,1,SAUVIDA_V1,2026-07-31,,
LAB-ALBUMINA,Albumina,LABORATORIO,LAB,,4000,1,TRUE,OCR_FOTOGRAFIAS_CLINICA,,image-a003bcac (PREÇÁRIO LABORATÓRIO Bioquímica),CONFIRMADO,1,1,1,SAUVIDA_V1,2026-07-31,,
LAB-AMILASE,Amiláse,LABORATORIO,LAB,,4000,1,TRUE,OCR_FOTOGRAFIAS_CLINICA,,image-a003bcac (PREÇÁRIO LABORATÓRIO Bioquímica),CONFIRMADO,1,1,1,SAUVIDA_V1,2026-07-31,,
LAB-ANTICORPO-HBC-IGM,Anticorpo HBc IgM,LABORATORIO,LAB,,4000,1,TRUE,OCR_FOTOGRAFIAS_CLINICA,,image-a87efb4d (Endocrinologia / Microbiologia),CONFIRMADO,1,1,1,SAUVIDA_V1,2026-07-31,,
LAB-ANTICORPO-HBE,Anticorpo HBe,LABORATORIO,LAB,,4000,1,TRUE,OCR_FOTOGRAFIAS_CLINICA,,image-a87efb4d (Endocrinologia / Microbiologia),CONFIRMADO,1,1,1,SAUVIDA_V1,2026-07-31,,
LAB-ANTIGENIO-HBS,Antigénio HBs,LABORATORIO,LAB,,4000,1,TRUE,OCR_FOTOGRAFIAS_CLINICA,,image-a87efb4d (Endocrinologia / Microbiologia),CONFIRMADO,1,1,1,SAUVIDA_V1,2026-07-31,,
LAB-ANTIGENIO-HEPATITE-B,Antigénio Hepatite B,LABORATORIO,LAB,,4000,1,TRUE,OCR_FOTOGRAFIAS_CLINICA,,image-a87efb4d (Endocrinologia / Microbiologia),CONFIRMADO,1,1,1,SAUVIDA_V1,2026-07-31,,
LAB-ASTO,ASTO,LABORATORIO,LAB,,4000,1,TRUE,OCR_FOTOGRAFIAS_CLINICA,,image-0b4dc12c (Sorologia / Marcadores cardíacos),CONFIRMADO,1,1,1,SAUVIDA_V1,2026-07-31,,
LAB-BILIRRUBINA-DIRETA,Bilirrubina Direta,LABORATORIO,LAB,,4000,1,TRUE,OCR_FOTOGRAFIAS_CLINICA,,image-a003bcac (PREÇÁRIO LABORATÓRIO Bioquímica),CONFIRMADO,1,1,1,SAUVIDA_V1,2026-07-31,,
LAB-BILIRRUBINA-INDIRETA,Bilirrubina Indireta,LABORATORIO,LAB,,4000,1,TRUE,OCR_FOTOGRAFIAS_CLINICA,,image-a003bcac (PREÇÁRIO LABORATÓRIO Bioquímica),CONFIRMADO,1,1,1,SAUVIDA_V1,2026-07-31,,
LAB-BILIRRULINA-TOTAL,Bilirrulina Total,LABORATORIO,LAB,,4000,1,TRUE,OCR_FOTOGRAFIAS_CLINICA,,image-a003bcac (PREÇÁRIO LABORATÓRIO Bioquímica),CONFIRMADO,1,1,1,SAUVIDA_V1,2026-07-31,,
LAB-BK,BK,LABORATORIO,LAB,,4000,1,TRUE,OCR_FOTOGRAFIAS_CLINICA,,image-a87efb4d (Endocrinologia / Microbiologia),CONFIRMADO,1,1,1,SAUVIDA_V1,2026-07-31,,
LAB-CALCIO,Cálcio,LABORATORIO,LAB,,4000,1,TRUE,OCR_FOTOGRAFIAS_CLINICA,,image-a003bcac (PREÇÁRIO LABORATÓRIO Bioquímica),CONFIRMADO,1,1,1,SAUVIDA_V1,2026-07-31,,
LAB-CARDIO-COMBO-CK-MB-TROPONINA-MIOGLOBINA,"Cardio Combo (CK-MB Troponina, Mioglobina)",LABORATORIO,LAB,,9000,1,TRUE,OCR_FOTOGRAFIAS_CLINICA,,image-0b4dc12c (Sorologia / Marcadores cardíacos),CONFIRMADO,1,1,1,SAUVIDA_V1,2026-07-31,,
LAB-CK-MB,CK-MB,LABORATORIO,LAB,,3500,1,TRUE,OCR_FOTOGRAFIAS_CLINICA,,image-40aba2b6 (Hematologia / Microbiologia),CONFIRMADO,1,1,1,SAUVIDA_V1,2026-07-31,,
LAB-CLAMIDIA,Clamidia,LABORATORIO,LAB,,5000,1,TRUE,OCR_FOTOGRAFIAS_CLINICA,,image-a87efb4d (Endocrinologia / Microbiologia),CONFIRMADO,1,1,1,SAUVIDA_V1,2026-07-31,,
LAB-COAGULACAO,Coagulação,LABORATORIO,LAB,,8000,1,TRUE,OCR_FOTOGRAFIAS_CLINICA,,image-0b4dc12c (Sorologia / Marcadores cardíacos),CONFIRMADO,1,1,1,SAUVIDA_V1,2026-07-31,,
LAB-COAGULOGRAMA,Coagulograma,LABORATORIO,LAB,,8000,1,TRUE,OCR_FOTOGRAFIAS_CLINICA,,image-0b4dc12c (Sorologia / Marcadores cardíacos),CONFIRMADO,1,1,1,SAUVIDA_V1,2026-07-31,,
LAB-COLESTEROL-HDL,Colesterol HDL,LABORATORIO,LAB,,4000,1,TRUE,OCR_FOTOGRAFIAS_CLINICA,,image-a003bcac (PREÇÁRIO LABORATÓRIO Bioquímica),CONFIRMADO,1,1,1,SAUVIDA_V1,2026-07-31,,
LAB-COLESTEROL-LDL,Colesterol LDL,LABORATORIO,LAB,,4000,1,TRUE,OCR_FOTOGRAFIAS_CLINICA,,image-a003bcac (PREÇÁRIO LABORATÓRIO Bioquímica),CONFIRMADO,1,1,1,SAUVIDA_V1,2026-07-31,,
LAB-COLESTEROL-TOTAL,Colesterol Total,LABORATORIO,LAB,,4000,1,TRUE,OCR_FOTOGRAFIAS_CLINICA,,image-a003bcac (PREÇÁRIO LABORATÓRIO Bioquímica),CONFIRMADO,1,1,1,SAUVIDA_V1,2026-07-31,,
LAB-CREATININA,Creatinina,LABORATORIO,LAB,,4000,1,TRUE,OCR_FOTOGRAFIAS_CLINICA,,image-a003bcac (PREÇÁRIO LABORATÓRIO Bioquímica),CONFIRMADO,1,1,1,SAUVIDA_V1,2026-07-31,,
LAB-CREATININA-URINA-24-H,Creatinina Urina 24 H,LABORATORIO,LAB,,4000,1,TRUE,OCR_FOTOGRAFIAS_CLINICA,,image-a003bcac (PREÇÁRIO LABORATÓRIO Bioquímica),CONFIRMADO,1,1,1,SAUVIDA_V1,2026-07-31,,
LAB-D-DIMEROS,D-Dimeros,LABORATORIO,LAB,,4000,1,TRUE,OCR_FOTOGRAFIAS_CLINICA,,image-0b4dc12c (Sorologia / Marcadores cardíacos),CONFIRMADO,1,1,1,SAUVIDA_V1,2026-07-31,,
LAB-E-BACTERIOLOGICO-DE-FERIDAS,E. Bacteriológico De Feridas,LABORATORIO,LAB,,4000,1,TRUE,OCR_FOTOGRAFIAS_CLINICA,,image-40aba2b6 (Hematologia / Microbiologia),CONFIRMADO,1,1,1,SAUVIDA_V1,2026-07-31,,
LAB-E-BACTERIOLOGICO-DE-FEZES,E. Bacteriológico De Fezes,LABORATORIO,LAB,,4000,1,TRUE,OCR_FOTOGRAFIAS_CLINICA,,image-40aba2b6 (Hematologia / Microbiologia),CONFIRMADO,1,1,1,SAUVIDA_V1,2026-07-31,,
LAB-E-BACTERIOLOGICO-DE-URINA,E. Bacteriológico De Urina,LABORATORIO,LAB,,4000,1,TRUE,OCR_FOTOGRAFIAS_CLINICA,,image-a87efb4d (Endocrinologia / Microbiologia),CONFIRMADO,1,1,1,SAUVIDA_V1,2026-07-31,,
LAB-E-BACTERIOLOGICO-DO-EXSUDADO-DO-TRATO-RE,E. Bacteriológico do exsudado do trato Respiratório Superior,LABORATORIO,LAB,,5000,1,TRUE,OCR_FOTOGRAFIAS_CLINICA,,image-40aba2b6 (Hematologia / Microbiologia),CONFIRMADO,1,1,1,SAUVIDA_V1,2026-07-31,,
LAB-E-BACTERIOLOGICO-DO-EXSUDADO-URETRAL,E. Bacteriológico Do exsudado Uretral,LABORATORIO,LAB,,4000,1,TRUE,OCR_FOTOGRAFIAS_CLINICA,,image-40aba2b6 (Hematologia / Microbiologia),CONFIRMADO,1,1,1,SAUVIDA_V1,2026-07-31,,
LAB-E-BACTERIOLOGICO-DO-EXSUDADOVAGINAL,E. Bacteriológico Do exsudadoVaginal,LABORATORIO,LAB,,4000,1,TRUE,OCR_FOTOGRAFIAS_CLINICA,,image-40aba2b6 (Hematologia / Microbiologia),CONFIRMADO,1,1,1,SAUVIDA_V1,2026-07-31,,
LAB-E-DIRETA-DO-EXSUDADO-VAGINAL,E. Direta Do exsudado Vaginal,LABORATORIO,LAB,,4000,1,TRUE,OCR_FOTOGRAFIAS_CLINICA,,image-a87efb4d (Endocrinologia / Microbiologia),CONFIRMADO,1,1,1,SAUVIDA_V1,2026-07-31,,
LAB-E-PARASITOLOGICO-DE-FEZES,E. Parasitológico De Fezes,LABORATORIO,LAB,,4000,1,TRUE,OCR_FOTOGRAFIAS_CLINICA,,image-a87efb4d (Endocrinologia / Microbiologia),CONFIRMADO,1,1,1,SAUVIDA_V1,2026-07-31,,
LAB-ESTRADIOL,Estradiol,LABORATORIO,LAB,,7500,1,TRUE,OCR_FOTOGRAFIAS_CLINICA,,image-a87efb4d (Endocrinologia / Microbiologia),CONFIRMADO,1,1,1,SAUVIDA_V1,2026-07-31,,
LAB-FERRO-SERICO,Ferro Serico,LABORATORIO,LAB,,4000,1,TRUE,OCR_FOTOGRAFIAS_CLINICA,,image-a003bcac (PREÇÁRIO LABORATÓRIO Bioquímica),CONFIRMADO,1,1,1,SAUVIDA_V1,2026-07-31,,
LAB-FOSFATASSE-ALCALINA,Fosfatasse Alcalina,LABORATORIO,LAB,,4000,1,TRUE,OCR_FOTOGRAFIAS_CLINICA,,image-a003bcac (PREÇÁRIO LABORATÓRIO Bioquímica),CONFIRMADO,1,1,1,SAUVIDA_V1,2026-07-31,,
LAB-FOSFORO,Fosforo,LABORATORIO,LAB,,4000,1,TRUE,OCR_FOTOGRAFIAS_CLINICA,,image-a003bcac (PREÇÁRIO LABORATÓRIO Bioquímica),CONFIRMADO,1,1,1,SAUVIDA_V1,2026-07-31,,
LAB-FSH,FSH,LABORATORIO,LAB,,8000,1,TRUE,OCR_FOTOGRAFIAS_CLINICA,,image-a87efb4d (Endocrinologia / Microbiologia),CONFIRMADO,1,1,1,SAUVIDA_V1,2026-07-31,,
LAB-GLICOSE,Glicose,LABORATORIO,LAB,,4000,1,TRUE,OCR_FOTOGRAFIAS_CLINICA,,image-a003bcac (PREÇÁRIO LABORATÓRIO Bioquímica),CONFIRMADO,1,1,1,SAUVIDA_V1,2026-07-31,,
LAB-GOT-AST,GOT/AST,LABORATORIO,LAB,,4000,1,TRUE,OCR_FOTOGRAFIAS_CLINICA,,image-a003bcac (PREÇÁRIO LABORATÓRIO Bioquímica),CONFIRMADO,1,1,1,SAUVIDA_V1,2026-07-31,,
LAB-GOTA-ESPESSA,Gota Espessa,LABORATORIO,LAB,,2000,1,TRUE,OCR_FOTOGRAFIAS_CLINICA,,image-a87efb4d (Endocrinologia / Microbiologia),CONFIRMADO,1,1,1,SAUVIDA_V1,2026-07-31,,
LAB-GPT-ALT,GPT/ALT,LABORATORIO,LAB,,4000,1,TRUE,OCR_FOTOGRAFIAS_CLINICA,,image-a003bcac (PREÇÁRIO LABORATÓRIO Bioquímica),CONFIRMADO,1,1,1,SAUVIDA_V1,2026-07-31,,
LAB-GRUPO-SANGUINEO,Grupo Sanguíneo,LABORATORIO,LAB,,4000,1,TRUE,OCR_FOTOGRAFIAS_CLINICA,,image-40aba2b6 (Hematologia / Microbiologia),CONFIRMADO,1,1,1,SAUVIDA_V1,2026-07-31,,
LAB-HBS-AG,HBS AG,LABORATORIO,LAB,,3000,1,TRUE,OCR_FOTOGRAFIAS_CLINICA,,image-a87efb4d (Endocrinologia / Microbiologia),CONFIRMADO,1,1,1,SAUVIDA_V1,2026-07-31,,
LAB-HCG,Teste de gravidez,LABORATORIO,LAB,,2000,1,TRUE,OCR_FOTOGRAFIAS_CLINICA,,image-0233a9e7 (PREÇÁRIO MÉDICO / HOSPITALAR),CONFIRMADO,1,1,1,SAUVIDA_V1,2026-07-31,,
LAB-HCV,HCV,LABORATORIO,LAB,,4000,1,TRUE,OCR_FOTOGRAFIAS_CLINICA,,image-0b4dc12c (Sorologia / Marcadores cardíacos),CONFIRMADO,1,1,1,SAUVIDA_V1,2026-07-31,,
LAB-HELICOBACTER-PYLORI,Helicobacter Pylori,LABORATORIO,LAB,,8000,1,TRUE,OCR_FOTOGRAFIAS_CLINICA,,image-0b4dc12c (Sorologia / Marcadores cardíacos),CONFIRMADO,1,1,1,SAUVIDA_V1,2026-07-31,,
LAB-HEMO,Hemograma Completo,LABORATORIO,LAB,,4000,1,TRUE,OCR_FOTOGRAFIAS_CLINICA,,image-40aba2b6 (Hematologia / Microbiologia),CONFIRMADO,1,1,1,SAUVIDA_V1,2026-07-31,,
LAB-HEMOGLOBINA-GLICOSILADA,Hemoglobina glicosilada,LABORATORIO,LAB,,15000,1,TRUE,OCR_FOTOGRAFIAS_CLINICA,,image-40aba2b6 (Hematologia / Microbiologia),CONFIRMADO,1,1,1,SAUVIDA_V1,2026-07-31,,
LAB-IONOGRAMA,Ionograma,LABORATORIO,LAB,,20000,1,TRUE,OCR_FOTOGRAFIAS_CLINICA,,image-40aba2b6 (Hematologia / Microbiologia),CONFIRMADO,1,1,1,SAUVIDA_V1,2026-07-31,,
LAB-LH,LH,LABORATORIO,LAB,,8000,1,TRUE,OCR_FOTOGRAFIAS_CLINICA,,image-a87efb4d (Endocrinologia / Microbiologia),CONFIRMADO,1,1,1,SAUVIDA_V1,2026-07-31,,
LAB-MAGNESIO,Magnésio,LABORATORIO,LAB,,4000,1,TRUE,OCR_FOTOGRAFIAS_CLINICA,,image-a003bcac (PREÇÁRIO LABORATÓRIO Bioquímica),CONFIRMADO,1,1,1,SAUVIDA_V1,2026-07-31,,
LAB-POTASSIO,Potássio,LABORATORIO,LAB,,4000,1,TRUE,OCR_FOTOGRAFIAS_CLINICA,,image-40aba2b6 (Hematologia / Microbiologia),CONFIRMADO,1,1,1,SAUVIDA_V1,2026-07-31,,
LAB-PROGESTERONA,Progesterona,LABORATORIO,LAB,,8000,1,TRUE,OCR_FOTOGRAFIAS_CLINICA,,image-a87efb4d (Endocrinologia / Microbiologia),CONFIRMADO,1,1,1,SAUVIDA_V1,2026-07-31,,
LAB-PROLACTINA,Prolactina,LABORATORIO,LAB,,10000,1,TRUE,OCR_FOTOGRAFIAS_CLINICA,,image-a87efb4d (Endocrinologia / Microbiologia),CONFIRMADO,1,1,1,SAUVIDA_V1,2026-07-31,,
LAB-PROTEINA-C-REACTIVA,Proteína C Reactiva,LABORATORIO,LAB,,4000,1,TRUE,OCR_FOTOGRAFIAS_CLINICA,,image-40aba2b6 (Hematologia / Microbiologia),CONFIRMADO,1,1,1,SAUVIDA_V1,2026-07-31,,
LAB-PROTEINAS-TOTAL,Proteínas Total,LABORATORIO,LAB,,4000,1,TRUE,OCR_FOTOGRAFIAS_CLINICA,,image-a003bcac (PREÇÁRIO LABORATÓRIO Bioquímica),CONFIRMADO,1,1,1,SAUVIDA_V1,2026-07-31,,
LAB-PROTEINAS-URINARIAS-URINA-24-H,Proteínas Urinarias Urina 24 H,LABORATORIO,LAB,,4000,1,TRUE,OCR_FOTOGRAFIAS_CLINICA,,image-a003bcac (PREÇÁRIO LABORATÓRIO Bioquímica),CONFIRMADO,1,1,1,SAUVIDA_V1,2026-07-31,,
LAB-PSA,PSA,LABORATORIO,LAB,,8000,1,TRUE,OCR_FOTOGRAFIAS_CLINICA,,image-a87efb4d (Endocrinologia / Microbiologia),CONFIRMADO,1,1,1,SAUVIDA_V1,2026-07-31,,
LAB-PT-INR,PT/INR,LABORATORIO,LAB,,4000,1,TRUE,OCR_FOTOGRAFIAS_CLINICA,,image-40aba2b6 (Hematologia / Microbiologia),CONFIRMADO,1,1,1,SAUVIDA_V1,2026-07-31,,
LAB-PTT,PTT,LABORATORIO,LAB,,4000,1,TRUE,OCR_FOTOGRAFIAS_CLINICA,,image-40aba2b6 (Hematologia / Microbiologia),CONFIRMADO,1,1,1,SAUVIDA_V1,2026-07-31,,
LAB-ROTAVIRUS,Rotavirus,LABORATORIO,LAB,,4000,1,TRUE,OCR_FOTOGRAFIAS_CLINICA,,image-0b4dc12c (Sorologia / Marcadores cardíacos),CONFIRMADO,1,1,1,SAUVIDA_V1,2026-07-31,,
LAB-SALMONELA-AG,Salmonela AG,LABORATORIO,LAB,,4000,1,TRUE,OCR_FOTOGRAFIAS_CLINICA,,image-0b4dc12c (Sorologia / Marcadores cardíacos),CONFIRMADO,1,1,1,SAUVIDA_V1,2026-07-31,,
LAB-SIFILIS-VDRL,Sifilis/VDRL,LABORATORIO,LAB,,3000,1,TRUE,OCR_FOTOGRAFIAS_CLINICA,,image-a87efb4d (Endocrinologia / Microbiologia),CONFIRMADO,1,1,1,SAUVIDA_V1,2026-07-31,,
LAB-T3,T3,LABORATORIO,LAB,,4000,1,TRUE,OCR_FOTOGRAFIAS_CLINICA,,image-a87efb4d (Endocrinologia / Microbiologia),CONFIRMADO,1,1,1,SAUVIDA_V1,2026-07-31,,
LAB-T4,T4,LABORATORIO,LAB,,4000,1,TRUE,OCR_FOTOGRAFIAS_CLINICA,,image-a87efb4d (Endocrinologia / Microbiologia),CONFIRMADO,1,1,1,SAUVIDA_V1,2026-07-31,,
LAB-TEMPO-COAGULACAO,Tempo Coagulação,LABORATORIO,LAB,,4000,1,TRUE,OCR_FOTOGRAFIAS_CLINICA,,image-0b4dc12c (Sorologia / Marcadores cardíacos),CONFIRMADO,1,1,1,SAUVIDA_V1,2026-07-31,,
LAB-TEMPO-SANGRAMENTO,Tempo Sangramento,LABORATORIO,LAB,,4000,1,TRUE,OCR_FOTOGRAFIAS_CLINICA,,image-0b4dc12c (Sorologia / Marcadores cardíacos),CONFIRMADO,1,1,1,SAUVIDA_V1,2026-07-31,,
LAB-TESTE-DE-GRAVIDEZ,Teste de Gravidez,LABORATORIO,LAB,,2000,1,TRUE,OCR_FOTOGRAFIAS_CLINICA,,image-40aba2b6 (Hematologia / Microbiologia),CONFIRMADO,1,1,1,SAUVIDA_V1,2026-07-31,,
LAB-TESTE-DE-KOH,Teste de Koh,LABORATORIO,LAB,,9500,1,TRUE,OCR_FOTOGRAFIAS_CLINICA,,image-a003bcac (PREÇÁRIO LABORATÓRIO Bioquímica),CONFIRMADO,1,1,1,SAUVIDA_V1,2026-07-31,,
LAB-TESTOSTERONA,Testosterona,LABORATORIO,LAB,,8000,1,TRUE,OCR_FOTOGRAFIAS_CLINICA,,image-0b4dc12c (Sorologia / Marcadores cardíacos),CONFIRMADO,1,1,1,SAUVIDA_V1,2026-07-31,,
LAB-TOXOPLASMOSE,Toxoplasmose,LABORATORIO,LAB,,8000,1,TRUE,OCR_FOTOGRAFIAS_CLINICA,,image-40aba2b6 (Hematologia / Microbiologia),CONFIRMADO,1,1,1,SAUVIDA_V1,2026-07-31,,
LAB-TPHA,TPHA,LABORATORIO,LAB,,5000,1,TRUE,OCR_FOTOGRAFIAS_CLINICA,,image-0b4dc12c (Sorologia / Marcadores cardíacos),CONFIRMADO,1,1,1,SAUVIDA_V1,2026-07-31,,
LAB-TRIGLICERIDEOS,Triglicerídeos,LABORATORIO,LAB,,4000,1,TRUE,OCR_FOTOGRAFIAS_CLINICA,,image-40aba2b6 (Hematologia / Microbiologia),CONFIRMADO,1,1,1,SAUVIDA_V1,2026-07-31,,
LAB-TROPONINA,Troponina,LABORATORIO,LAB,,4000,1,TRUE,OCR_FOTOGRAFIAS_CLINICA,,image-0b4dc12c (Sorologia / Marcadores cardíacos),CONFIRMADO,1,1,1,SAUVIDA_V1,2026-07-31,,
LAB-TSH,TSH,LABORATORIO,LAB,,6000,1,TRUE,OCR_FOTOGRAFIAS_CLINICA,,image-40aba2b6 (Hematologia / Microbiologia),CONFIRMADO,1,1,1,SAUVIDA_V1,2026-07-31,,
LAB-TUBERCULOSE-IGG-IGM,Tuberculose IGG IgM,LABORATORIO,LAB,,5000,1,TRUE,OCR_FOTOGRAFIAS_CLINICA,,image-0b4dc12c (Sorologia / Marcadores cardíacos),CONFIRMADO,1,1,1,SAUVIDA_V1,2026-07-31,,
LAB-UREIA,Ureia,LABORATORIO,LAB,,4000,1,TRUE,OCR_FOTOGRAFIAS_CLINICA,,image-40aba2b6 (Hematologia / Microbiologia),CONFIRMADO,1,1,1,SAUVIDA_V1,2026-07-31,,
LAB-UREIA-NA-URINA-24H,Ureia na Urina 24H,LABORATORIO,LAB,,4000,1,TRUE,OCR_FOTOGRAFIAS_CLINICA,,image-40aba2b6 (Hematologia / Microbiologia),CONFIRMADO,1,1,1,SAUVIDA_V1,2026-07-31,,
LAB-URINA-TIPO-II,Urina Tipo II,LABORATORIO,LAB,,4000,1,TRUE,OCR_FOTOGRAFIAS_CLINICA,,image-40aba2b6 (Hematologia / Microbiologia),CONFIRMADO,1,1,1,SAUVIDA_V1,2026-07-31,,
LAB-URINA-TIPO-II-NA-URINA-DE-24-H,Urina Tipo II Na Urina De 24 H,LABORATORIO,LAB,,4000,1,TRUE,OCR_FOTOGRAFIAS_CLINICA,,image-40aba2b6 (Hematologia / Microbiologia),CONFIRMADO,1,1,1,SAUVIDA_V1,2026-07-31,,
LAB-VELOCIDADE-SEDIMENTACAO,Velocidade Sedimentação,LABORATORIO,LAB,,4000,1,TRUE,OCR_FOTOGRAFIAS_CLINICA,,image-40aba2b6 (Hematologia / Microbiologia),CONFIRMADO,1,1,1,SAUVIDA_V1,2026-07-31,,
LAB-VIH-AG-AC-4A-GERACAO,VIH (AG/AC) 4a Geração,LABORATORIO,LAB,,4500,1,TRUE,OCR_FOTOGRAFIAS_CLINICA,Ver também valor 8.000 no topo de outra folha,image-a87efb4d (Endocrinologia / Microbiologia),CONFIRMADO,1,1,1,SAUVIDA_V1,2026-07-31,,
LAB-VIH-TESTE-RAPIDO,VIH TESTE Rapido,LABORATORIO,LAB,,1500,1,TRUE,OCR_FOTOGRAFIAS_CLINICA,,image-a87efb4d (Endocrinologia / Microbiologia),CONFIRMADO,1,1,1,SAUVIDA_V1,2026-07-31,,
LAB-WIDAL,Widal,LABORATORIO,LAB,,4000,1,TRUE,OCR_FOTOGRAFIAS_CLINICA,,image-0b4dc12c (Sorologia / Marcadores cardíacos),CONFIRMADO,1,1,1,SAUVIDA_V1,2026-07-31,,
LAB-Y-GT,Y-GT,LABORATORIO,LAB,,4000,1,TRUE,OCR_FOTOGRAFIAS_CLINICA,,image-40aba2b6 (Hematologia / Microbiologia),CONFIRMADO,1,1,1,SAUVIDA_V1,2026-07-31,,
MAT-PARTO-NORMAL,Parto normal,MATERNIDADE,MAT-PAR,,35000,1,TRUE,OCR_FOTOGRAFIAS_CLINICA,,image-0233a9e7 (PREÇÁRIO MÉDICO / HOSPITALAR),CONFIRMADO,1,0,0,SAUVIDA_V1,2026-07-31,,
MATC-CATETER,Cateter,MATERIAL_CLINICO,ENF,,500,1,TRUE,OCR_FOTOGRAFIAS_CLINICA,,image-0233a9e7 (PREÇÁRIO MÉDICO / HOSPITALAR),CONFIRMADO,1,0,0,SAUVIDA_V1,2026-07-31,,
MATC-COMPRESSA,Compressa,MATERIAL_CLINICO,ENF,,1500,1,TRUE,OCR_FOTOGRAFIAS_CLINICA,,image-0233a9e7 (PREÇÁRIO MÉDICO / HOSPITALAR),CONFIRMADO,1,0,0,SAUVIDA_V1,2026-07-31,,
MATC-NACL-0-9,"NaCl 0,9 %",MATERIAL_CLINICO,ENF,,1500,1,TRUE,OCR_FOTOGRAFIAS_CLINICA,,image-0233a9e7 (PREÇÁRIO MÉDICO / HOSPITALAR),CONFIRMADO,1,0,0,SAUVIDA_V1,2026-07-31,,
MATC-PLACA-DE-HERNIA,Placa de Hernia,MATERIAL_CLINICO,ENF,,30000,1,TRUE,OCR_FOTOGRAFIAS_CLINICA,,image-0233a9e7 (PREÇÁRIO MÉDICO / HOSPITALAR),CONFIRMADO,1,0,0,SAUVIDA_V1,2026-07-31,,
MATC-SIRINGA-10-CC,Siringa 10 cc,MATERIAL_CLINICO,ENF,,250,1,TRUE,OCR_FOTOGRAFIAS_CLINICA,,image-0233a9e7 (PREÇÁRIO MÉDICO / HOSPITALAR),CONFIRMADO,1,0,0,SAUVIDA_V1,2026-07-31,,
MATC-SIRINGA-20-CC,Siringa 20 cc,MATERIAL_CLINICO,ENF,,500,1,TRUE,OCR_FOTOGRAFIAS_CLINICA,,image-0233a9e7 (PREÇÁRIO MÉDICO / HOSPITALAR),CONFIRMADO,1,0,0,SAUVIDA_V1,2026-07-31,,
MATC-SIRINGA-5-CC,Siringa 5 cc,MATERIAL_CLINICO,ENF,,150,1,TRUE,OCR_FOTOGRAFIAS_CLINICA,,image-0233a9e7 (PREÇÁRIO MÉDICO / HOSPITALAR),CONFIRMADO,1,0,0,SAUVIDA_V1,2026-07-31,,
MEDU-B-COMPLEXO-INJ,B- Complexo inj.,MED_URGENCIA,ENF,,1000,1,TRUE,OCR_FOTOGRAFIAS_CLINICA,,image-0233a9e7 (PREÇÁRIO MÉDICO / HOSPITALAR),CONFIRMADO,1,0,0,SAUVIDA_V1,2026-07-31,,
MEDU-CEFTRIAXONA,Ceftriaxona,MED_URGENCIA,ENF,,1500,1,TRUE,OCR_FOTOGRAFIAS_CLINICA,,image-0233a9e7 (PREÇÁRIO MÉDICO / HOSPITALAR),CONFIRMADO,1,0,0,SAUVIDA_V1,2026-07-31,,
MEDU-CIMETIDINA,Cimetidina,MED_URGENCIA,ENF,,1000,1,TRUE,OCR_FOTOGRAFIAS_CLINICA,,image-0233a9e7 (PREÇÁRIO MÉDICO / HOSPITALAR),CONFIRMADO,1,0,0,SAUVIDA_V1,2026-07-31,,
MEDU-DESTROSA-5,Destrosa 5 %,MED_URGENCIA,ENF,,1500,1,TRUE,OCR_FOTOGRAFIAS_CLINICA,,image-aee66803 (Farmácia / cartões / manuscrito),CONFIRMADO,1,0,0,SAUVIDA_V1,2026-07-31,,
MEDU-DICLOFENAC,Diclofenac,MED_URGENCIA,ENF,,1000,1,TRUE,OCR_FOTOGRAFIAS_CLINICA,,image-0233a9e7 (PREÇÁRIO MÉDICO / HOSPITALAR),CONFIRMADO,1,0,0,SAUVIDA_V1,2026-07-31,,
MEDU-METOCLOPRAMIDA,Metoclopramida,MED_URGENCIA,ENF,,1000,1,TRUE,OCR_FOTOGRAFIAS_CLINICA,,image-0233a9e7 (PREÇÁRIO MÉDICO / HOSPITALAR),CONFIRMADO,1,0,0,SAUVIDA_V1,2026-07-31,,
MEDU-NOLOTIL-INJ,Nolotil INJ.,MED_URGENCIA,ENF,,1000,1,TRUE,OCR_FOTOGRAFIAS_CLINICA,,image-aee66803 (Farmácia / cartões / manuscrito),CONFIRMADO,1,0,0,SAUVIDA_V1,2026-07-31,,
MEDU-RINGER-LACTATO,Ringer Lactato,MED_URGENCIA,ENF,,1500,1,TRUE,OCR_FOTOGRAFIAS_CLINICA,,image-aee66803 (Farmácia / cartões / manuscrito),CONFIRMADO,1,0,0,SAUVIDA_V1,2026-07-31,,
MEDU-VITAMINA-C-INJ,Vitamina C inj.,MED_URGENCIA,ENF,,1000,1,TRUE,OCR_FOTOGRAFIAS_CLINICA,,image-0233a9e7 (PREÇÁRIO MÉDICO / HOSPITALAR),CONFIRMADO,1,0,0,SAUVIDA_V1,2026-07-31,,
OBS-CAMA,Cama,OBSERVACAO_CLINICA,ENF,,5000,1,TRUE,OCR_FOTOGRAFIAS_CLINICA,,image-0233a9e7 (PREÇÁRIO MÉDICO / HOSPITALAR),CONFIRMADO,1,0,0,SAUVIDA_V1,2026-07-31,,
