codigo,nome,categoria,departamento,especialidade,preco_fcfa,ativo,exige_pedido_medico,exige_pagamento_antecipado,permite_pagamento_parcial,exige_agendamento,gera_resultado,duracao_minutos,observacoes
CONS-CLIN-GER,Consulta de Clínica Geral,Consulta,CONS-GER,CLIN-GER,REVISAR_COM_CLINICA,1,0,0,1,1,0,30,
CONS-ESP,Consulta de Especialidade,Consulta,ESP-MED,,REVISAR_COM_CLINICA,1,0,0,1,1,0,30,
CONS-PRE-NATAL,Consulta Pré-Natal,Consulta,MAT-PAR,OBS,REVISAR_COM_CLINICA,1,0,0,1,1,0,30,
CONS-CONTROLO,Consulta de Controlo,Consulta,CONS-GER,CLIN-GER,REVISAR_COM_CLINICA,1,0,0,1,1,0,20,
ECO-GO,Ecografia Gineco-Obstétrica,Ecografia,ECO,,REVISAR_COM_CLINICA,1,1,0,1,1,1,30,
ECO-MORF,Ecografia Morfológica,Ecografia,ECO,,REVISAR_COM_CLINICA,1,1,0,1,1,1,45,
ECO-RENAL,Ecografia Renal,Ecografia,ECO,,REVISAR_COM_CLINICA,1,1,0,1,1,1,25,
ECO-ABD,Ecografia Abdominal,Ecografia,ECO,,REVISAR_COM_CLINICA,1,1,0,1,1,1,30,
ENF-CURATIVO,Curativo,Enfermagem,ENF,,REVISAR_COM_CLINICA,1,0,0,1,0,0,15,
ENF-INJ,Administração de Injeção,Enfermagem,ENF,,REVISAR_COM_CLINICA,1,0,0,1,0,0,10,
ENF-SORO,Administração de Soro,Enfermagem,ENF,,REVISAR_COM_CLINICA,1,0,0,1,0,0,60,
ENF-GLIC,Medição de Glicemia,Enfermagem,ENF,,REVISAR_COM_CLINICA,1,0,0,1,0,0,10,
ENF-PA,Controlo de Pressão,Enfermagem,ENF,,REVISAR_COM_CLINICA,1,0,0,1,0,0,10,
ENF-OBS,Observação Clínica,Observação Clínica,ENF,,REVISAR_COM_CLINICA,1,0,0,1,0,0,120,
CIR-HERNIA,Hérnia,Cirurgia,CIR,CIR-GER,REVISAR_COM_CLINICA,1,1,1,1,1,0,90,Catálogo — módulo cirurgia não activo
CIR-CESAR,Cesariana,Cirurgia,MAT-PAR,OBS,REVISAR_COM_CLINICA,1,1,1,1,1,0,120,Catálogo — módulo maternidade não activo
CIR-ECTOP,Gravidez Ectópica,Cirurgia,MAT-PAR,OBS,REVISAR_COM_CLINICA,1,1,1,1,1,0,90,
CIR-QUISTO,Quisto,Cirurgia,CIR,CIR-GER,REVISAR_COM_CLINICA,1,1,1,1,1,0,60,
CIR-MIOMA,Mioma,Cirurgia,CIR,GIN,REVISAR_COM_CLINICA,1,1,1,1,1,0,90,
CIR-JAD-APL,Aplicação de Jadelle,Procedimento,ESP-MED,GIN,REVISAR_COM_CLINICA,1,1,0,1,1,0,30,
CIR-JAD-EXT,Extração de Jadelle,Procedimento,ESP-MED,GIN,REVISAR_COM_CLINICA,1,1,0,1,1,0,30,
CIR-DIU-APL,Aplicação de DIU,Procedimento,ESP-MED,GIN,REVISAR_COM_CLINICA,1,1,0,1,1,0,30,
CIR-DIU-EXT,Extração de DIU,Procedimento,ESP-MED,GIN,REVISAR_COM_CLINICA,1,1,0,1,1,0,30,
MAT-PARTO-NORMAL,Parto Normal,Maternidade,MAT-PAR,OBS,REVISAR_COM_CLINICA,1,1,1,1,1,0,240,Catálogo — sem módulo parto completo
LAB-HEMO,Hemograma Completo,Laboratório,LAB,,REVISAR_COM_CLINICA,1,1,0,1,0,1,0,
LAB-GLIC,Glicemia,Laboratório,LAB,,REVISAR_COM_CLINICA,1,1,0,1,0,1,0,Confirmar jejum na receção
LAB-UREIA,Ureia,Laboratório,LAB,,REVISAR_COM_CLINICA,1,1,0,1,0,1,0,
LAB-CREAT,Creatinina,Laboratório,LAB,,REVISAR_COM_CLINICA,1,1,0,1,0,1,0,
LAB-URINA,Exame de Urina,Laboratório,LAB,,REVISAR_COM_CLINICA,1,0,0,1,0,1,0,
LAB-FEZES,Exame de Fezes,Laboratório,LAB,,REVISAR_COM_CLINICA,1,0,0,1,0,1,0,
LAB-HCG,Teste de Gravidez (β-HCG),Laboratório,LAB,,REVISAR_COM_CLINICA,1,0,0,1,0,1,0,
LAB-VIH,Teste VIH,Laboratório,LAB,,REVISAR_COM_CLINICA,1,0,0,1,0,1,0,
LAB-HBS,HBsAg,Laboratório,LAB,,REVISAR_COM_CLINICA,1,0,0,1,0,1,0,
DOC-ATESTADO,Atestado Médico,Documento,ADM,,REVISAR_COM_CLINICA,1,0,0,1,0,0,0,
DOC-CERT,Certificado Médico,Documento,ADM,,REVISAR_COM_CLINICA,1,0,0,1,0,0,0,
IMM-VAC,Vacinação (taxa administração),Imunização,ENF,,REVISAR_COM_CLINICA,1,0,0,1,0,0,15,
