codigo,nome,categoria,departamento,especialidade,preco_fcfa,operacional,preco_confirmado,origem,observacoes,fotografia,estado,ativo,exige_pedido_medico,gera_resultado
OBS-CAMA,Cama,OBSERVACAO_CLINICA,ENF,,5000,1,TRUE,OCR_FOTOGRAFIAS_CLINICA,,image-0233a9e7 (PREÇÁRIO MÉDICO / HOSPITALAR),CONFIRMADO,1,0,0
CONS-CLIN-GER,Clínico Geral,CONSULTA,CONS-GER,,3000,1,TRUE,OCR_FOTOGRAFIAS_CLINICA,,image-0233a9e7 (PREÇÁRIO MÉDICO / HOSPITALAR),CONFIRMADO,1,0,0
CONS-ESP,Especialidade,CONSULTA,ESP-MED,,5000,1,TRUE,OCR_FOTOGRAFIAS_CLINICA,,image-0233a9e7 (PREÇÁRIO MÉDICO / HOSPITALAR),CONFIRMADO,1,0,0
CONS-PRE-NATAL,Pré-Natal,CONSULTA,MAT-PAR,OBS,3000,1,TRUE,OCR_FOTOGRAFIAS_CLINICA,,image-0233a9e7 (PREÇÁRIO MÉDICO / HOSPITALAR),CONFIRMADO,1,0,0
CONS-CONTROLO,Controle,CONSULTA,CONS-GER,CLIN-GER,2000,1,TRUE,OCR_FOTOGRAFIAS_CLINICA,,image-0233a9e7 (PREÇÁRIO MÉDICO / HOSPITALAR),CONFIRMADO,1,0,0
LAB-HCG,Teste de gravidez,LABORATORIO,LAB,,2000,1,TRUE,OCR_FOTOGRAFIAS_CLINICA,,image-0233a9e7 (PREÇÁRIO MÉDICO / HOSPITALAR),CONFIRMADO,1,1,1
ECO-GO,Ecografia Geneco-Obstetricia,ECOGRAFIA,ECO,,10000,1,TRUE,OCR_FOTOGRAFIAS_CLINICA,,image-0233a9e7 (PREÇÁRIO MÉDICO / HOSPITALAR),CONFIRMADO,1,0,0
ECO-MORF,Ecografia Morfologia,ECOGRAFIA,ECO,,25000,1,TRUE,OCR_FOTOGRAFIAS_CLINICA,,image-0233a9e7 (PREÇÁRIO MÉDICO / HOSPITALAR),CONFIRMADO,1,0,0
ECO-REN-ABD,Ecografia Renal e Abdominal,ECOGRAFIA,ECO,,15000,1,TRUE,OCR_FOTOGRAFIAS_CLINICA,,image-0233a9e7 (PREÇÁRIO MÉDICO / HOSPITALAR),CONFIRMADO,1,0,0
CIR-HERNIA,Hérnia,CIRURGIA,CIR,,200000,1,TRUE,OCR_FOTOGRAFIAS_CLINICA,,image-0233a9e7 (PREÇÁRIO MÉDICO / HOSPITALAR),CONFIRMADO,1,0,0
MAT-PARTO-NORMAL,Parto normal,MATERNIDADE,MAT-PAR,,35000,1,TRUE,OCR_FOTOGRAFIAS_CLINICA,,image-0233a9e7 (PREÇÁRIO MÉDICO / HOSPITALAR),CONFIRMADO,1,0,0
CIR-JAD-APL,Aplicação ou Extração de Jadel,PROCEDIMENTO,ESP-MED,,5000,1,TRUE,OCR_FOTOGRAFIAS_CLINICA,,image-0233a9e7 (PREÇÁRIO MÉDICO / HOSPITALAR),CONFIRMADO,1,0,0
CIR-DIU-APL,Aplicação ou Extração de DIU,PROCEDIMENTO,ESP-MED,,5000,1,TRUE,OCR_FOTOGRAFIAS_CLINICA,,image-0233a9e7 (PREÇÁRIO MÉDICO / HOSPITALAR),CONFIRMADO,1,0,0
CIR-CESAR,Cesariana,CIRURGIA,MAT-PAR,,180000,1,TRUE,OCR_FOTOGRAFIAS_CLINICA,,image-0233a9e7 (PREÇÁRIO MÉDICO / HOSPITALAR),CONFIRMADO,1,0,0
CIR-ECTOP,Gravidez Ectópica,CIRURGIA,MAT-PAR,,180000,1,TRUE,OCR_FOTOGRAFIAS_CLINICA,,image-0233a9e7 (PREÇÁRIO MÉDICO / HOSPITALAR),CONFIRMADO,1,0,0
CIR-QUISTO,Quisto,CIRURGIA,CIR,,200000,1,TRUE,OCR_FOTOGRAFIAS_CLINICA,,image-0233a9e7 (PREÇÁRIO MÉDICO / HOSPITALAR),CONFIRMADO,1,0,0
CIR-MIOMA,Mioma,CIRURGIA,CIR,,250000,1,TRUE,OCR_FOTOGRAFIAS_CLINICA,,image-0233a9e7 (PREÇÁRIO MÉDICO / HOSPITALAR),CONFIRMADO,1,0,0
MEDU-CEFTRIAXONA,Ceftriaxona,MED_URGENCIA,ENF,,1500,1,TRUE,OCR_FOTOGRAFIAS_CLINICA,,image-0233a9e7 (PREÇÁRIO MÉDICO / HOSPITALAR),CONFIRMADO,1,0,0
MEDU-DICLOFENAC,Diclofenac,MED_URGENCIA,ENF,,1000,1,TRUE,OCR_FOTOGRAFIAS_CLINICA,,image-0233a9e7 (PREÇÁRIO MÉDICO / HOSPITALAR),CONFIRMADO,1,0,0
MEDU-CIMETIDINA,Cimetidina,MED_URGENCIA,ENF,,1000,1,TRUE,OCR_FOTOGRAFIAS_CLINICA,,image-0233a9e7 (PREÇÁRIO MÉDICO / HOSPITALAR),CONFIRMADO,1,0,0
MEDU-METOCLOPRAMIDA,Metoclopramida,MED_URGENCIA,ENF,,1000,1,TRUE,OCR_FOTOGRAFIAS_CLINICA,,image-0233a9e7 (PREÇÁRIO MÉDICO / HOSPITALAR),CONFIRMADO,1,0,0
MEDU-VITAMINA-C-INJ,Vitamina C inj.,MED_URGENCIA,ENF,,1000,1,TRUE,OCR_FOTOGRAFIAS_CLINICA,,image-0233a9e7 (PREÇÁRIO MÉDICO / HOSPITALAR),CONFIRMADO,1,0,0
MEDU-B-COMPLEXO-INJ,B- Complexo inj.,MED_URGENCIA,ENF,,1000,1,TRUE,OCR_FOTOGRAFIAS_CLINICA,,image-0233a9e7 (PREÇÁRIO MÉDICO / HOSPITALAR),CONFIRMADO,1,0,0
MATC-SIRINGA-10-CC,Siringa 10 cc,MATERIAL_CLINICO,ENF,,250,1,TRUE,OCR_FOTOGRAFIAS_CLINICA,,image-0233a9e7 (PREÇÁRIO MÉDICO / HOSPITALAR),CONFIRMADO,1,0,0
MATC-SIRINGA-5-CC,Siringa 5 cc,MATERIAL_CLINICO,ENF,,150,1,TRUE,OCR_FOTOGRAFIAS_CLINICA,,image-0233a9e7 (PREÇÁRIO MÉDICO / HOSPITALAR),CONFIRMADO,1,0,0
MATC-SIRINGA-20-CC,Siringa 20 cc,MATERIAL_CLINICO,ENF,,500,1,TRUE,OCR_FOTOGRAFIAS_CLINICA,,image-0233a9e7 (PREÇÁRIO MÉDICO / HOSPITALAR),CONFIRMADO,1,0,0
MATC-PLACA-DE-HERNIA,Placa de Hernia,MATERIAL_CLINICO,ENF,,30000,1,TRUE,OCR_FOTOGRAFIAS_CLINICA,,image-0233a9e7 (PREÇÁRIO MÉDICO / HOSPITALAR),CONFIRMADO,1,0,0
MATC-CATETER,Cateter,MATERIAL_CLINICO,ENF,,500,1,TRUE,OCR_FOTOGRAFIAS_CLINICA,,image-0233a9e7 (PREÇÁRIO MÉDICO / HOSPITALAR),CONFIRMADO,1,0,0
MATC-COMPRESSA,Compressa,MATERIAL_CLINICO,ENF,,1500,1,TRUE,OCR_FOTOGRAFIAS_CLINICA,,image-0233a9e7 (PREÇÁRIO MÉDICO / HOSPITALAR),CONFIRMADO,1,0,0
MATC-NACL-0-9,"NaCl 0,9 %",MATERIAL_CLINICO,ENF,,1500,1,TRUE,OCR_FOTOGRAFIAS_CLINICA,,image-0233a9e7 (PREÇÁRIO MÉDICO / HOSPITALAR),CONFIRMADO,1,0,0
LAB-ACIDO-URICO,Acido úrico,LABORATORIO,LAB,,4000,1,TRUE,OCR_FOTOGRAFIAS_CLINICA,,image-a003bcac (PREÇÁRIO LABORATÓRIO Bioquímica),CONFIRMADO,1,1,1
LAB-ALBUMINA,Albumina,LABORATORIO,LAB,,4000,1,TRUE,OCR_FOTOGRAFIAS_CLINICA,,image-a003bcac (PREÇÁRIO LABORATÓRIO Bioquímica),CONFIRMADO,1,1,1
LAB-AMILASE,Amiláse,LABORATORIO,LAB,,4000,1,TRUE,OCR_FOTOGRAFIAS_CLINICA,,image-a003bcac (PREÇÁRIO LABORATÓRIO Bioquímica),CONFIRMADO,1,1,1
LAB-TESTE-DE-KOH,Teste de Koh,LABORATORIO,LAB,,9500,1,TRUE,OCR_FOTOGRAFIAS_CLINICA,,image-a003bcac (PREÇÁRIO LABORATÓRIO Bioquímica),CONFIRMADO,1,1,1
LAB-BILIRRUBINA-DIRETA,Bilirrubina Direta,LABORATORIO,LAB,,4000,1,TRUE,OCR_FOTOGRAFIAS_CLINICA,,image-a003bcac (PREÇÁRIO LABORATÓRIO Bioquímica),CONFIRMADO,1,1,1
LAB-BILIRRUBINA-INDIRETA,Bilirrubina Indireta,LABORATORIO,LAB,,4000,1,TRUE,OCR_FOTOGRAFIAS_CLINICA,,image-a003bcac (PREÇÁRIO LABORATÓRIO Bioquímica),CONFIRMADO,1,1,1
LAB-BILIRRULINA-TOTAL,Bilirrulina Total,LABORATORIO,LAB,,4000,1,TRUE,OCR_FOTOGRAFIAS_CLINICA,,image-a003bcac (PREÇÁRIO LABORATÓRIO Bioquímica),CONFIRMADO,1,1,1
LAB-CALCIO,Cálcio,LABORATORIO,LAB,,4000,1,TRUE,OCR_FOTOGRAFIAS_CLINICA,,image-a003bcac (PREÇÁRIO LABORATÓRIO Bioquímica),CONFIRMADO,1,1,1
LAB-COLESTEROL-HDL,Colesterol HDL,LABORATORIO,LAB,,4000,1,TRUE,OCR_FOTOGRAFIAS_CLINICA,,image-a003bcac (PREÇÁRIO LABORATÓRIO Bioquímica),CONFIRMADO,1,1,1
LAB-COLESTEROL-LDL,Colesterol LDL,LABORATORIO,LAB,,4000,1,TRUE,OCR_FOTOGRAFIAS_CLINICA,,image-a003bcac (PREÇÁRIO LABORATÓRIO Bioquímica),CONFIRMADO,1,1,1
LAB-COLESTEROL-TOTAL,Colesterol Total,LABORATORIO,LAB,,4000,1,TRUE,OCR_FOTOGRAFIAS_CLINICA,,image-a003bcac (PREÇÁRIO LABORATÓRIO Bioquímica),CONFIRMADO,1,1,1
LAB-CREATININA-URINA-24-H,Creatinina Urina 24 H,LABORATORIO,LAB,,4000,1,TRUE,OCR_FOTOGRAFIAS_CLINICA,,image-a003bcac (PREÇÁRIO LABORATÓRIO Bioquímica),CONFIRMADO,1,1,1
LAB-CREATININA,Creatinina,LABORATORIO,LAB,,4000,1,TRUE,OCR_FOTOGRAFIAS_CLINICA,,image-a003bcac (PREÇÁRIO LABORATÓRIO Bioquímica),CONFIRMADO,1,1,1
LAB-FERRO-SERICO,Ferro Serico,LABORATORIO,LAB,,4000,1,TRUE,OCR_FOTOGRAFIAS_CLINICA,,image-a003bcac (PREÇÁRIO LABORATÓRIO Bioquímica),CONFIRMADO,1,1,1
LAB-FOSFATASSE-ALCALINA,Fosfatasse Alcalina,LABORATORIO,LAB,,4000,1,TRUE,OCR_FOTOGRAFIAS_CLINICA,,image-a003bcac (PREÇÁRIO LABORATÓRIO Bioquímica),CONFIRMADO,1,1,1
LAB-FOSFORO,Fosforo,LABORATORIO,LAB,,4000,1,TRUE,OCR_FOTOGRAFIAS_CLINICA,,image-a003bcac (PREÇÁRIO LABORATÓRIO Bioquímica),CONFIRMADO,1,1,1
LAB-GLICOSE,Glicose,LABORATORIO,LAB,,4000,1,TRUE,OCR_FOTOGRAFIAS_CLINICA,,image-a003bcac (PREÇÁRIO LABORATÓRIO Bioquímica),CONFIRMADO,1,1,1
LAB-GOT-AST,GOT/AST,LABORATORIO,LAB,,4000,1,TRUE,OCR_FOTOGRAFIAS_CLINICA,,image-a003bcac (PREÇÁRIO LABORATÓRIO Bioquímica),CONFIRMADO,1,1,1
LAB-GPT-ALT,GPT/ALT,LABORATORIO,LAB,,4000,1,TRUE,OCR_FOTOGRAFIAS_CLINICA,,image-a003bcac (PREÇÁRIO LABORATÓRIO Bioquímica),CONFIRMADO,1,1,1
LAB-MAGNESIO,Magnésio,LABORATORIO,LAB,,4000,1,TRUE,OCR_FOTOGRAFIAS_CLINICA,,image-a003bcac (PREÇÁRIO LABORATÓRIO Bioquímica),CONFIRMADO,1,1,1
LAB-PROTEINAS-URINARIAS-URINA-24-H,Proteínas Urinarias Urina 24 H,LABORATORIO,LAB,,4000,1,TRUE,OCR_FOTOGRAFIAS_CLINICA,,image-a003bcac (PREÇÁRIO LABORATÓRIO Bioquímica),CONFIRMADO,1,1,1
LAB-PROTEINAS-TOTAL,Proteínas Total,LABORATORIO,LAB,,4000,1,TRUE,OCR_FOTOGRAFIAS_CLINICA,,image-a003bcac (PREÇÁRIO LABORATÓRIO Bioquímica),CONFIRMADO,1,1,1
LAB-LINHA-SEM-NOME,[linha sem nome],LABORATORIO,LAB,,4000,1,FALSE,OCR_FOTOGRAFIAS_CLINICA,Preço visível sem designação do exame,image-a003bcac (PREÇÁRIO LABORATÓRIO Bioquímica),REVISAR_COM_CLINICA,1,1,1
LAB-POTASSIO,Potássio,LABORATORIO,LAB,,4000,1,TRUE,OCR_FOTOGRAFIAS_CLINICA,,image-40aba2b6 (Hematologia / Microbiologia),CONFIRMADO,1,1,1
LAB-TRIGLICERIDEOS,Triglicerídeos,LABORATORIO,LAB,,4000,1,TRUE,OCR_FOTOGRAFIAS_CLINICA,,image-40aba2b6 (Hematologia / Microbiologia),CONFIRMADO,1,1,1
LAB-UREIA-NA-URINA-24H,Ureia na Urina 24H,LABORATORIO,LAB,,4000,1,TRUE,OCR_FOTOGRAFIAS_CLINICA,,image-40aba2b6 (Hematologia / Microbiologia),CONFIRMADO,1,1,1
LAB-UREIA,Ureia,LABORATORIO,LAB,,4000,1,TRUE,OCR_FOTOGRAFIAS_CLINICA,,image-40aba2b6 (Hematologia / Microbiologia),CONFIRMADO,1,1,1
LAB-Y-GT,Y-GT,LABORATORIO,LAB,,4000,1,TRUE,OCR_FOTOGRAFIAS_CLINICA,,image-40aba2b6 (Hematologia / Microbiologia),CONFIRMADO,1,1,1
LAB-IONOGRAMA,Ionograma,LABORATORIO,LAB,,20000,1,TRUE,OCR_FOTOGRAFIAS_CLINICA,,image-40aba2b6 (Hematologia / Microbiologia),CONFIRMADO,1,1,1
LAB-PROTEINA-C-REACTIVA,Proteína C Reactiva,LABORATORIO,LAB,,4000,1,TRUE,OCR_FOTOGRAFIAS_CLINICA,,image-40aba2b6 (Hematologia / Microbiologia),CONFIRMADO,1,1,1
LAB-CK-MB,CK-MB,LABORATORIO,LAB,,3500,1,TRUE,OCR_FOTOGRAFIAS_CLINICA,,image-40aba2b6 (Hematologia / Microbiologia),CONFIRMADO,1,1,1
LAB-GRUPO-SANGUINEO,Grupo Sanguíneo,LABORATORIO,LAB,,4000,1,TRUE,OCR_FOTOGRAFIAS_CLINICA,,image-40aba2b6 (Hematologia / Microbiologia),CONFIRMADO,1,1,1
LAB-VELOCIDADE-SEDIMENTACAO,Velocidade Sedimentação,LABORATORIO,LAB,,4000,1,TRUE,OCR_FOTOGRAFIAS_CLINICA,,image-40aba2b6 (Hematologia / Microbiologia),CONFIRMADO,1,1,1
LAB-HEMO,Hemograma Completo,LABORATORIO,LAB,,4000,1,TRUE,OCR_FOTOGRAFIAS_CLINICA,,image-40aba2b6 (Hematologia / Microbiologia),CONFIRMADO,1,1,1
LAB-PTT,PTT,LABORATORIO,LAB,,4000,1,TRUE,OCR_FOTOGRAFIAS_CLINICA,,image-40aba2b6 (Hematologia / Microbiologia),CONFIRMADO,1,1,1
LAB-PT-INR,PT/INR,LABORATORIO,LAB,,4000,1,TRUE,OCR_FOTOGRAFIAS_CLINICA,,image-40aba2b6 (Hematologia / Microbiologia),CONFIRMADO,1,1,1
LAB-HEMOGLOBINA-GLICOSILADA,Hemoglobina glicosilada,LABORATORIO,LAB,,15000,1,TRUE,OCR_FOTOGRAFIAS_CLINICA,,image-40aba2b6 (Hematologia / Microbiologia),CONFIRMADO,1,1,1
LAB-TESTE-DE-GRAVIDEZ,Teste de Gravidez,LABORATORIO,LAB,,2000,1,TRUE,OCR_FOTOGRAFIAS_CLINICA,,image-40aba2b6 (Hematologia / Microbiologia),CONFIRMADO,1,1,1
LAB-URINA-TIPO-II,Urina Tipo II,LABORATORIO,LAB,,4000,1,TRUE,OCR_FOTOGRAFIAS_CLINICA,,image-40aba2b6 (Hematologia / Microbiologia),CONFIRMADO,1,1,1
LAB-URINA-TIPO-II-NA-URINA-DE-24-H,Urina Tipo II Na Urina De 24 H,LABORATORIO,LAB,,4000,1,TRUE,OCR_FOTOGRAFIAS_CLINICA,,image-40aba2b6 (Hematologia / Microbiologia),CONFIRMADO,1,1,1
LAB-E-BACTERIOLOGICO-DO-EXSUDADO-DO-TRATO-RE,E. Bacteriológico do exsudado do trato Respiratório Superior,LABORATORIO,LAB,,5000,1,TRUE,OCR_FOTOGRAFIAS_CLINICA,,image-40aba2b6 (Hematologia / Microbiologia),CONFIRMADO,1,1,1
LAB-E-BACTERIOLOGICO-DO-EXSUDADOVAGINAL,E. Bacteriológico Do exsudadoVaginal,LABORATORIO,LAB,,4000,1,TRUE,OCR_FOTOGRAFIAS_CLINICA,,image-40aba2b6 (Hematologia / Microbiologia),CONFIRMADO,1,1,1
LAB-E-BACTERIOLOGICO-DO-EXSUDADO-URETRAL,E. Bacteriológico Do exsudado Uretral,LABORATORIO,LAB,,4000,1,TRUE,OCR_FOTOGRAFIAS_CLINICA,,image-40aba2b6 (Hematologia / Microbiologia),CONFIRMADO,1,1,1
LAB-E-BACTERIOLOGICO-DE-FEZES,E. Bacteriológico De Fezes,LABORATORIO,LAB,,4000,1,TRUE,OCR_FOTOGRAFIAS_CLINICA,,image-40aba2b6 (Hematologia / Microbiologia),CONFIRMADO,1,1,1
LAB-E-BACTERIOLOGICO-DE-FERIDAS,E. Bacteriológico De Feridas,LABORATORIO,LAB,,4000,1,TRUE,OCR_FOTOGRAFIAS_CLINICA,,image-40aba2b6 (Hematologia / Microbiologia),CONFIRMADO,1,1,1
LAB-VIH-AG-AC-4A-GERACAO,VIH (AG/AC) 4a Geração,LABORATORIO,LAB,,8000,1,FALSE,OCR_FOTOGRAFIAS_CLINICA,Valor no topo da folha; confirmar com folha Endocrinologia (4.500),image-40aba2b6 (Hematologia / Microbiologia),REVISAR_COM_CLINICA,1,1,1
LAB-TSH,TSH,LABORATORIO,LAB,,6000,1,TRUE,OCR_FOTOGRAFIAS_CLINICA,,image-40aba2b6 (Hematologia / Microbiologia),CONFIRMADO,1,1,1
LAB-TOXOPLASMOSE,Toxoplasmose,LABORATORIO,LAB,,8000,1,TRUE,OCR_FOTOGRAFIAS_CLINICA,,image-40aba2b6 (Hematologia / Microbiologia),CONFIRMADO,1,1,1
LAB-PROGESTERONA,Progesterona,LABORATORIO,LAB,,REVISAR_COM_CLINICA,1,FALSE,OCR_FOTOGRAFIAS_CLINICA,Preço oculto pelo sobrepor de folhas,image-40aba2b6 (Hematologia / Microbiologia),REVISAR_COM_CLINICA,1,1,1
LAB-RUBEOLA-IGG-IGM,Rubéola IGG IGM,LABORATORIO,LAB,,REVISAR_COM_CLINICA,1,FALSE,OCR_FOTOGRAFIAS_CLINICA,,image-0b4dc12c (Sorologia / Marcadores cardíacos),REVISAR_COM_CLINICA,1,1,1
LAB-HCV,HCV,LABORATORIO,LAB,,4000,1,TRUE,OCR_FOTOGRAFIAS_CLINICA,,image-0b4dc12c (Sorologia / Marcadores cardíacos),CONFIRMADO,1,1,1
LAB-HELICOBACTER-PYLORI,Helicobacter Pylori,LABORATORIO,LAB,,8000,1,TRUE,OCR_FOTOGRAFIAS_CLINICA,,image-0b4dc12c (Sorologia / Marcadores cardíacos),CONFIRMADO,1,1,1
LAB-FACTOR-REUMATOIDE,Factor Reumatoide,LABORATORIO,LAB,,4000,1,FALSE,OCR_FOTOGRAFIAS_CLINICA,Conflito: 4.000cfa nesta folha vs 8.000cfa noutra fotografia,image-0b4dc12c (Sorologia / Marcadores cardíacos),REVISAR_COM_CLINICA,1,1,1
LAB-SALMONELA-AG,Salmonela AG,LABORATORIO,LAB,,4000,1,TRUE,OCR_FOTOGRAFIAS_CLINICA,,image-0b4dc12c (Sorologia / Marcadores cardíacos),CONFIRMADO,1,1,1
LAB-TESTE-DE-GRAVIDEZ,Teste De Gravidez,LABORATORIO,LAB,,2500,1,FALSE,OCR_FOTOGRAFIAS_CLINICA,Conflito: 2.500cfa aqui vs 2.000cfa PREÇÁRIO MÉDICO vs 4.000cfa lista inferior,image-0b4dc12c (Sorologia / Marcadores cardíacos),REVISAR_COM_CLINICA,1,1,1
LAB-ASTO,ASTO,LABORATORIO,LAB,,4000,1,TRUE,OCR_FOTOGRAFIAS_CLINICA,,image-0b4dc12c (Sorologia / Marcadores cardíacos),CONFIRMADO,1,1,1
LAB-ROTAVIRUS,Rotavirus,LABORATORIO,LAB,,4000,1,TRUE,OCR_FOTOGRAFIAS_CLINICA,,image-0b4dc12c (Sorologia / Marcadores cardíacos),CONFIRMADO,1,1,1
LAB-WIDAL,Widal,LABORATORIO,LAB,,4000,1,TRUE,OCR_FOTOGRAFIAS_CLINICA,,image-0b4dc12c (Sorologia / Marcadores cardíacos),CONFIRMADO,1,1,1
LAB-TPHA,TPHA,LABORATORIO,LAB,,5000,1,TRUE,OCR_FOTOGRAFIAS_CLINICA,,image-0b4dc12c (Sorologia / Marcadores cardíacos),CONFIRMADO,1,1,1
LAB-CARDIO-COMBO-CK-MB-TROPONINA-MIOGLOBINA,"Cardio Combo (CK-MB Troponina, Mioglobina)",LABORATORIO,LAB,,9000,1,TRUE,OCR_FOTOGRAFIAS_CLINICA,,image-0b4dc12c (Sorologia / Marcadores cardíacos),CONFIRMADO,1,1,1
LAB-D-DIMEROS,D-Dimeros,LABORATORIO,LAB,,4000,1,TRUE,OCR_FOTOGRAFIAS_CLINICA,,image-0b4dc12c (Sorologia / Marcadores cardíacos),CONFIRMADO,1,1,1
LAB-MIOGLOBINA,Mioglobina,LABORATORIO,LAB,,REVISAR_COM_CLINICA,1,FALSE,OCR_FOTOGRAFIAS_CLINICA,,image-0b4dc12c (Sorologia / Marcadores cardíacos),REVISAR_COM_CLINICA,1,1,1
LAB-TROPONINA,Troponina,LABORATORIO,LAB,,4000,1,TRUE,OCR_FOTOGRAFIAS_CLINICA,,image-0b4dc12c (Sorologia / Marcadores cardíacos),CONFIRMADO,1,1,1
LAB-TUBERCULOSE-IGG-IGM,Tuberculose IGG IgM,LABORATORIO,LAB,,5000,1,TRUE,OCR_FOTOGRAFIAS_CLINICA,,image-0b4dc12c (Sorologia / Marcadores cardíacos),CONFIRMADO,1,1,1
LAB-COAGULOGRAMA,Coagulograma,LABORATORIO,LAB,,8000,1,TRUE,OCR_FOTOGRAFIAS_CLINICA,,image-0b4dc12c (Sorologia / Marcadores cardíacos),CONFIRMADO,1,1,1
LAB-COAGULACAO,Coagulação,LABORATORIO,LAB,,8000,1,TRUE,OCR_FOTOGRAFIAS_CLINICA,,image-0b4dc12c (Sorologia / Marcadores cardíacos),CONFIRMADO,1,1,1
LAB-TESTOSTERONA,Testosterona,LABORATORIO,LAB,,8000,1,TRUE,OCR_FOTOGRAFIAS_CLINICA,,image-0b4dc12c (Sorologia / Marcadores cardíacos),CONFIRMADO,1,1,1
LAB-TEMPO-COAGULACAO,Tempo Coagulação,LABORATORIO,LAB,,4000,1,TRUE,OCR_FOTOGRAFIAS_CLINICA,,image-0b4dc12c (Sorologia / Marcadores cardíacos),CONFIRMADO,1,1,1
LAB-TEMPO-SANGRAMENTO,Tempo Sangramento,LABORATORIO,LAB,,4000,1,TRUE,OCR_FOTOGRAFIAS_CLINICA,,image-0b4dc12c (Sorologia / Marcadores cardíacos),CONFIRMADO,1,1,1
LAB-E-BACTERIOLOGICO-DE-URINA,E. Bacteriológico De Urina,LABORATORIO,LAB,,4000,1,TRUE,OCR_FOTOGRAFIAS_CLINICA,,image-a87efb4d (Endocrinologia / Microbiologia),CONFIRMADO,1,1,1
LAB-E-DIRETA-DO-EXSUDADO-VAGINAL,E. Direta Do exsudado Vaginal,LABORATORIO,LAB,,4000,1,TRUE,OCR_FOTOGRAFIAS_CLINICA,,image-a87efb4d (Endocrinologia / Microbiologia),CONFIRMADO,1,1,1
LAB-E-PARASITOLOGICO-DE-FEZES,E. Parasitológico De Fezes,LABORATORIO,LAB,,4000,1,TRUE,OCR_FOTOGRAFIAS_CLINICA,,image-a87efb4d (Endocrinologia / Microbiologia),CONFIRMADO,1,1,1
LAB-CLAMIDIA,Clamidia,LABORATORIO,LAB,,5000,1,TRUE,OCR_FOTOGRAFIAS_CLINICA,,image-a87efb4d (Endocrinologia / Microbiologia),CONFIRMADO,1,1,1
LAB-SIFILIS-VDRL,Sifilis/VDRL,LABORATORIO,LAB,,3000,1,TRUE,OCR_FOTOGRAFIAS_CLINICA,,image-a87efb4d (Endocrinologia / Microbiologia),CONFIRMADO,1,1,1
LAB-BK,BK,LABORATORIO,LAB,,4000,1,TRUE,OCR_FOTOGRAFIAS_CLINICA,,image-a87efb4d (Endocrinologia / Microbiologia),CONFIRMADO,1,1,1
LAB-GOTA-ESPESSA,Gota Espessa,LABORATORIO,LAB,,2000,1,TRUE,OCR_FOTOGRAFIAS_CLINICA,,image-a87efb4d (Endocrinologia / Microbiologia),CONFIRMADO,1,1,1
LAB-PSA,PSA,LABORATORIO,LAB,,8000,1,TRUE,OCR_FOTOGRAFIAS_CLINICA,,image-a87efb4d (Endocrinologia / Microbiologia),CONFIRMADO,1,1,1
LAB-ESTRADIOL,Estradiol,LABORATORIO,LAB,,7500,1,TRUE,OCR_FOTOGRAFIAS_CLINICA,,image-a87efb4d (Endocrinologia / Microbiologia),CONFIRMADO,1,1,1
LAB-FSH,FSH,LABORATORIO,LAB,,8000,1,TRUE,OCR_FOTOGRAFIAS_CLINICA,,image-a87efb4d (Endocrinologia / Microbiologia),CONFIRMADO,1,1,1
LAB-PROLACTINA,Prolactina,LABORATORIO,LAB,,10000,1,TRUE,OCR_FOTOGRAFIAS_CLINICA,,image-a87efb4d (Endocrinologia / Microbiologia),CONFIRMADO,1,1,1
LAB-ANTICORPO-HBC-IGM,Anticorpo HBc IgM,LABORATORIO,LAB,,4000,1,TRUE,OCR_FOTOGRAFIAS_CLINICA,,image-a87efb4d (Endocrinologia / Microbiologia),CONFIRMADO,1,1,1
LAB-ANTICORPO-HBE,Anticorpo HBe,LABORATORIO,LAB,,4000,1,TRUE,OCR_FOTOGRAFIAS_CLINICA,,image-a87efb4d (Endocrinologia / Microbiologia),CONFIRMADO,1,1,1
LAB-ANTIGENIO-HBS,Antigénio HBs,LABORATORIO,LAB,,4000,1,TRUE,OCR_FOTOGRAFIAS_CLINICA,,image-a87efb4d (Endocrinologia / Microbiologia),CONFIRMADO,1,1,1
LAB-ANTIGENIO-HEPATITE-B,Antigénio Hepatite B,LABORATORIO,LAB,,4000,1,TRUE,OCR_FOTOGRAFIAS_CLINICA,,image-a87efb4d (Endocrinologia / Microbiologia),CONFIRMADO,1,1,1
LAB-HBS-AG,HBS AG,LABORATORIO,LAB,,3000,1,TRUE,OCR_FOTOGRAFIAS_CLINICA,,image-a87efb4d (Endocrinologia / Microbiologia),CONFIRMADO,1,1,1
LAB-T3,T3,LABORATORIO,LAB,,4000,1,TRUE,OCR_FOTOGRAFIAS_CLINICA,,image-a87efb4d (Endocrinologia / Microbiologia),CONFIRMADO,1,1,1
LAB-T4,T4,LABORATORIO,LAB,,4000,1,TRUE,OCR_FOTOGRAFIAS_CLINICA,,image-a87efb4d (Endocrinologia / Microbiologia),CONFIRMADO,1,1,1
LAB-LH,LH,LABORATORIO,LAB,,8000,1,TRUE,OCR_FOTOGRAFIAS_CLINICA,,image-a87efb4d (Endocrinologia / Microbiologia),CONFIRMADO,1,1,1
LAB-VIH-TESTE-RAPIDO,VIH TESTE Rapido,LABORATORIO,LAB,,1500,1,TRUE,OCR_FOTOGRAFIAS_CLINICA,,image-a87efb4d (Endocrinologia / Microbiologia),CONFIRMADO,1,1,1
LAB-VIH-AG-AC-4A-GERACAO,VIH (AG/AC) 4a Geração,LABORATORIO,LAB,,4500,1,TRUE,OCR_FOTOGRAFIAS_CLINICA,Ver também valor 8.000 no topo de outra folha,image-a87efb4d (Endocrinologia / Microbiologia),CONFIRMADO,1,1,1
LAB-PROGESTERONA,Progesterona,LABORATORIO,LAB,,8000,1,TRUE,OCR_FOTOGRAFIAS_CLINICA,,image-a87efb4d (Endocrinologia / Microbiologia),CONFIRMADO,1,1,1
LAB-TSH,TSH,LABORATORIO,LAB,,6000,1,TRUE,OCR_FOTOGRAFIAS_CLINICA,,image-a87efb4d (Endocrinologia / Microbiologia),CONFIRMADO,1,1,1
LAB-TOXOPLASMOSE,Toxoplasmose,LABORATORIO,LAB,,8000,1,TRUE,OCR_FOTOGRAFIAS_CLINICA,,image-a87efb4d (Endocrinologia / Microbiologia),CONFIRMADO,1,1,1
MEDU-RINGER-LACTATO,Ringer Lactato,MED_URGENCIA,ENF,,1500,1,TRUE,OCR_FOTOGRAFIAS_CLINICA,,image-aee66803 (Farmácia / cartões / manuscrito),CONFIRMADO,1,0,0
MEDU-DESTROSA-5,Destrosa 5 %,MED_URGENCIA,ENF,,1500,1,TRUE,OCR_FOTOGRAFIAS_CLINICA,,image-aee66803 (Farmácia / cartões / manuscrito),CONFIRMADO,1,0,0
MEDU-NOLOTIL-INJ,Nolotil INJ.,MED_URGENCIA,ENF,,1000,1,TRUE,OCR_FOTOGRAFIAS_CLINICA,,image-aee66803 (Farmácia / cartões / manuscrito),CONFIRMADO,1,0,0
CARD-CARTAO-DE-VACINA,Cartão de Vacina,CARTAO,ADM,,1000,1,TRUE,OCR_FOTOGRAFIAS_CLINICA,,image-aee66803 (Farmácia / cartões / manuscrito),CONFIRMADO,1,0,0
CARD-CARTAO-DE-GRAVIDA,Cartão de Grávida,CARTAO,ADM,,2000,1,TRUE,OCR_FOTOGRAFIAS_CLINICA,,image-aee66803 (Farmácia / cartões / manuscrito),CONFIRMADO,1,0,0
CARD-CARTAO-DE-TETANO,CARTÃO DE TETANO,CARTAO,ADM,,REVISAR_COM_CLINICA,1,FALSE,OCR_FOTOGRAFIAS_CLINICA,,image-aee66803 (Farmácia / cartões / manuscrito),REVISAR_COM_CLINICA,1,0,0
LAB-G-E,G.E.,LABORATORIO,LAB,,2000,1,FALSE,OCR_FOTOGRAFIAS_CLINICA,Abreviatura manuscrita; provável Gota Espessa (confirmar),image-aee66803 (Farmácia / cartões / manuscrito),REVISAR_COM_CLINICA,1,1,1
LAB-HEMO-MAN,Hemograma completo,LABORATORIO,LAB,,4000,1,FALSE,OCR_FOTOGRAFIAS_CLINICA,Duplicado com Hemograma Completo impresso — unificar na clínica,image-aee66803 (Farmácia / cartões / manuscrito),REVISAR_COM_CLINICA,1,1,1
LAB-WIDALL,Widall,LABORATORIO,LAB,,4000,1,FALSE,OCR_FOTOGRAFIAS_CLINICA,Grafia manuscrita; provável Widal,image-aee66803 (Farmácia / cartões / manuscrito),REVISAR_COM_CLINICA,1,1,1
LAB-GLICEMIA,Glicemia,LABORATORIO,LAB,,2000,1,FALSE,OCR_FOTOGRAFIAS_CLINICA,Conflito: 2.000 manuscrito vs 4.000 Bioquímica,image-aee66803 (Farmácia / cartões / manuscrito),REVISAR_COM_CLINICA,1,1,1
