codigo,nome,categoria_laboratorial,tipo_amostra,servico_codigo,preco_fcfa,estado,origem,fotografia
EX-LAB-HCG,Teste de gravidez,GERAL,,LAB-HCG,2000,CONFIRMADO,OCR_FOTOGRAFIAS_CLINICA,image-0233a9e7 (PREÇÁRIO MÉDICO / HOSPITALAR)
EX-LAB-ACIDO-URICO,Acido úrico,Bioquímica,,LAB-ACIDO-URICO,4000,CONFIRMADO,OCR_FOTOGRAFIAS_CLINICA,image-a003bcac (PREÇÁRIO LABORATÓRIO Bioquímica)
EX-LAB-ALBUMINA,Albumina,Bioquímica,,LAB-ALBUMINA,4000,CONFIRMADO,OCR_FOTOGRAFIAS_CLINICA,image-a003bcac (PREÇÁRIO LABORATÓRIO Bioquímica)
EX-LAB-AMILASE,Amiláse,Bioquímica,,LAB-AMILASE,4000,CONFIRMADO,OCR_FOTOGRAFIAS_CLINICA,image-a003bcac (PREÇÁRIO LABORATÓRIO Bioquímica)
EX-LAB-TESTE-DE-KOH,Teste de Koh,Bioquímica,,LAB-TESTE-DE-KOH,9500,CONFIRMADO,OCR_FOTOGRAFIAS_CLINICA,image-a003bcac (PREÇÁRIO LABORATÓRIO Bioquímica)
EX-LAB-BILIRRUBINA-DIRETA,Bilirrubina Direta,Bioquímica,,LAB-BILIRRUBINA-DIRETA,4000,CONFIRMADO,OCR_FOTOGRAFIAS_CLINICA,image-a003bcac (PREÇÁRIO LABORATÓRIO Bioquímica)
EX-LAB-BILIRRUBINA-INDIRETA,Bilirrubina Indireta,Bioquímica,,LAB-BILIRRUBINA-INDIRETA,4000,CONFIRMADO,OCR_FOTOGRAFIAS_CLINICA,image-a003bcac (PREÇÁRIO LABORATÓRIO Bioquímica)
EX-LAB-BILIRRULINA-TOTAL,Bilirrulina Total,Bioquímica,,LAB-BILIRRULINA-TOTAL,4000,CONFIRMADO,OCR_FOTOGRAFIAS_CLINICA,image-a003bcac (PREÇÁRIO LABORATÓRIO Bioquímica)
EX-LAB-CALCIO,Cálcio,Bioquímica,,LAB-CALCIO,4000,CONFIRMADO,OCR_FOTOGRAFIAS_CLINICA,image-a003bcac (PREÇÁRIO LABORATÓRIO Bioquímica)
EX-LAB-COLESTEROL-HDL,Colesterol HDL,Bioquímica,,LAB-COLESTEROL-HDL,4000,CONFIRMADO,OCR_FOTOGRAFIAS_CLINICA,image-a003bcac (PREÇÁRIO LABORATÓRIO Bioquímica)
EX-LAB-COLESTEROL-LDL,Colesterol LDL,Bioquímica,,LAB-COLESTEROL-LDL,4000,CONFIRMADO,OCR_FOTOGRAFIAS_CLINICA,image-a003bcac (PREÇÁRIO LABORATÓRIO Bioquímica)
EX-LAB-COLESTEROL-TOTAL,Colesterol Total,Bioquímica,,LAB-COLESTEROL-TOTAL,4000,CONFIRMADO,OCR_FOTOGRAFIAS_CLINICA,image-a003bcac (PREÇÁRIO LABORATÓRIO Bioquímica)
EX-LAB-CREATININA-URINA-24-H,Creatinina Urina 24 H,Bioquímica,,LAB-CREATININA-URINA-24-H,4000,CONFIRMADO,OCR_FOTOGRAFIAS_CLINICA,image-a003bcac (PREÇÁRIO LABORATÓRIO Bioquímica)
EX-LAB-CREATININA,Creatinina,Bioquímica,,LAB-CREATININA,4000,CONFIRMADO,OCR_FOTOGRAFIAS_CLINICA,image-a003bcac (PREÇÁRIO LABORATÓRIO Bioquímica)
EX-LAB-FERRO-SERICO,Ferro Serico,Bioquímica,,LAB-FERRO-SERICO,4000,CONFIRMADO,OCR_FOTOGRAFIAS_CLINICA,image-a003bcac (PREÇÁRIO LABORATÓRIO Bioquímica)
EX-LAB-FOSFATASSE-ALCALINA,Fosfatasse Alcalina,Bioquímica,,LAB-FOSFATASSE-ALCALINA,4000,CONFIRMADO,OCR_FOTOGRAFIAS_CLINICA,image-a003bcac (PREÇÁRIO LABORATÓRIO Bioquímica)
EX-LAB-FOSFORO,Fosforo,Bioquímica,,LAB-FOSFORO,4000,CONFIRMADO,OCR_FOTOGRAFIAS_CLINICA,image-a003bcac (PREÇÁRIO LABORATÓRIO Bioquímica)
EX-LAB-GLICOSE,Glicose,Bioquímica,,LAB-GLICOSE,4000,CONFIRMADO,OCR_FOTOGRAFIAS_CLINICA,image-a003bcac (PREÇÁRIO LABORATÓRIO Bioquímica)
EX-LAB-GOT-AST,GOT/AST,Bioquímica,,LAB-GOT-AST,4000,CONFIRMADO,OCR_FOTOGRAFIAS_CLINICA,image-a003bcac (PREÇÁRIO LABORATÓRIO Bioquímica)
EX-LAB-GPT-ALT,GPT/ALT,Bioquímica,,LAB-GPT-ALT,4000,CONFIRMADO,OCR_FOTOGRAFIAS_CLINICA,image-a003bcac (PREÇÁRIO LABORATÓRIO Bioquímica)
EX-LAB-MAGNESIO,Magnésio,Bioquímica,,LAB-MAGNESIO,4000,CONFIRMADO,OCR_FOTOGRAFIAS_CLINICA,image-a003bcac (PREÇÁRIO LABORATÓRIO Bioquímica)
EX-LAB-PROTEINAS-URINARIAS-URINA-24-H,Proteínas Urinarias Urina 24 H,Bioquímica,,LAB-PROTEINAS-URINARIAS-URINA-24-H,4000,CONFIRMADO,OCR_FOTOGRAFIAS_CLINICA,image-a003bcac (PREÇÁRIO LABORATÓRIO Bioquímica)
EX-LAB-PROTEINAS-TOTAL,Proteínas Total,Bioquímica,,LAB-PROTEINAS-TOTAL,4000,CONFIRMADO,OCR_FOTOGRAFIAS_CLINICA,image-a003bcac (PREÇÁRIO LABORATÓRIO Bioquímica)
EX-LAB-POTASSIO,Potássio,Hematologia,,LAB-POTASSIO,4000,CONFIRMADO,OCR_FOTOGRAFIAS_CLINICA,image-40aba2b6 (Hematologia / Microbiologia)
EX-LAB-TRIGLICERIDEOS,Triglicerídeos,Hematologia,,LAB-TRIGLICERIDEOS,4000,CONFIRMADO,OCR_FOTOGRAFIAS_CLINICA,image-40aba2b6 (Hematologia / Microbiologia)
EX-LAB-UREIA-NA-URINA-24H,Ureia na Urina 24H,Hematologia,,LAB-UREIA-NA-URINA-24H,4000,CONFIRMADO,OCR_FOTOGRAFIAS_CLINICA,image-40aba2b6 (Hematologia / Microbiologia)
EX-LAB-UREIA,Ureia,Hematologia,,LAB-UREIA,4000,CONFIRMADO,OCR_FOTOGRAFIAS_CLINICA,image-40aba2b6 (Hematologia / Microbiologia)
EX-LAB-Y-GT,Y-GT,Hematologia,,LAB-Y-GT,4000,CONFIRMADO,OCR_FOTOGRAFIAS_CLINICA,image-40aba2b6 (Hematologia / Microbiologia)
EX-LAB-IONOGRAMA,Ionograma,Hematologia,,LAB-IONOGRAMA,20000,CONFIRMADO,OCR_FOTOGRAFIAS_CLINICA,image-40aba2b6 (Hematologia / Microbiologia)
EX-LAB-PROTEINA-C-REACTIVA,Proteína C Reactiva,Hematologia,,LAB-PROTEINA-C-REACTIVA,4000,CONFIRMADO,OCR_FOTOGRAFIAS_CLINICA,image-40aba2b6 (Hematologia / Microbiologia)
EX-LAB-CK-MB,CK-MB,Hematologia,,LAB-CK-MB,3500,CONFIRMADO,OCR_FOTOGRAFIAS_CLINICA,image-40aba2b6 (Hematologia / Microbiologia)
EX-LAB-GRUPO-SANGUINEO,Grupo Sanguíneo,Hematologia,,LAB-GRUPO-SANGUINEO,4000,CONFIRMADO,OCR_FOTOGRAFIAS_CLINICA,image-40aba2b6 (Hematologia / Microbiologia)
EX-LAB-VELOCIDADE-SEDIMENTACAO,Velocidade Sedimentação,Hematologia,,LAB-VELOCIDADE-SEDIMENTACAO,4000,CONFIRMADO,OCR_FOTOGRAFIAS_CLINICA,image-40aba2b6 (Hematologia / Microbiologia)
EX-LAB-HEMO,Hemograma Completo,Hematologia,,LAB-HEMO,4000,CONFIRMADO,OCR_FOTOGRAFIAS_CLINICA,image-40aba2b6 (Hematologia / Microbiologia)
EX-LAB-PTT,PTT,Hematologia,,LAB-PTT,4000,CONFIRMADO,OCR_FOTOGRAFIAS_CLINICA,image-40aba2b6 (Hematologia / Microbiologia)
EX-LAB-PT-INR,PT/INR,Hematologia,,LAB-PT-INR,4000,CONFIRMADO,OCR_FOTOGRAFIAS_CLINICA,image-40aba2b6 (Hematologia / Microbiologia)
EX-LAB-HEMOGLOBINA-GLICOSILADA,Hemoglobina glicosilada,Hematologia,,LAB-HEMOGLOBINA-GLICOSILADA,15000,CONFIRMADO,OCR_FOTOGRAFIAS_CLINICA,image-40aba2b6 (Hematologia / Microbiologia)
EX-LAB-TESTE-DE-GRAVIDEZ,Teste de Gravidez,Hematologia,,LAB-TESTE-DE-GRAVIDEZ,2000,CONFIRMADO,OCR_FOTOGRAFIAS_CLINICA,image-40aba2b6 (Hematologia / Microbiologia)
EX-LAB-URINA-TIPO-II,Urina Tipo II,Hematologia,,LAB-URINA-TIPO-II,4000,CONFIRMADO,OCR_FOTOGRAFIAS_CLINICA,image-40aba2b6 (Hematologia / Microbiologia)
EX-LAB-URINA-TIPO-II-NA-URINA-DE-24-H,Urina Tipo II Na Urina De 24 H,Hematologia,,LAB-URINA-TIPO-II-NA-URINA-DE-24-H,4000,CONFIRMADO,OCR_FOTOGRAFIAS_CLINICA,image-40aba2b6 (Hematologia / Microbiologia)
EX-LAB-E-BACTERIOLOGICO-DO-EXSUDADO-DO-TRATO-RE,E. Bacteriológico do exsudado do trato Respiratório Superior,Hematologia,,LAB-E-BACTERIOLOGICO-DO-EXSUDADO-DO-TRATO-RE,5000,CONFIRMADO,OCR_FOTOGRAFIAS_CLINICA,image-40aba2b6 (Hematologia / Microbiologia)
EX-LAB-E-BACTERIOLOGICO-DO-EXSUDADOVAGINAL,E. Bacteriológico Do exsudadoVaginal,Hematologia,,LAB-E-BACTERIOLOGICO-DO-EXSUDADOVAGINAL,4000,CONFIRMADO,OCR_FOTOGRAFIAS_CLINICA,image-40aba2b6 (Hematologia / Microbiologia)
EX-LAB-E-BACTERIOLOGICO-DO-EXSUDADO-URETRAL,E. Bacteriológico Do exsudado Uretral,Hematologia,,LAB-E-BACTERIOLOGICO-DO-EXSUDADO-URETRAL,4000,CONFIRMADO,OCR_FOTOGRAFIAS_CLINICA,image-40aba2b6 (Hematologia / Microbiologia)
EX-LAB-E-BACTERIOLOGICO-DE-FEZES,E. Bacteriológico De Fezes,Hematologia,,LAB-E-BACTERIOLOGICO-DE-FEZES,4000,CONFIRMADO,OCR_FOTOGRAFIAS_CLINICA,image-40aba2b6 (Hematologia / Microbiologia)
EX-LAB-E-BACTERIOLOGICO-DE-FERIDAS,E. Bacteriológico De Feridas,Hematologia,,LAB-E-BACTERIOLOGICO-DE-FERIDAS,4000,CONFIRMADO,OCR_FOTOGRAFIAS_CLINICA,image-40aba2b6 (Hematologia / Microbiologia)
EX-LAB-VIH-AG-AC-4A-GERACAO,VIH (AG/AC) 4a Geração,Hematologia,,LAB-VIH-AG-AC-4A-GERACAO,8000,REVISAR_COM_CLINICA,OCR_FOTOGRAFIAS_CLINICA,image-40aba2b6 (Hematologia / Microbiologia)
EX-LAB-TSH,TSH,Hematologia,,LAB-TSH,6000,CONFIRMADO,OCR_FOTOGRAFIAS_CLINICA,image-40aba2b6 (Hematologia / Microbiologia)
EX-LAB-TOXOPLASMOSE,Toxoplasmose,Hematologia,,LAB-TOXOPLASMOSE,8000,CONFIRMADO,OCR_FOTOGRAFIAS_CLINICA,image-40aba2b6 (Hematologia / Microbiologia)
EX-LAB-PROGESTERONA,Progesterona,Hematologia,,LAB-PROGESTERONA,,REVISAR_COM_CLINICA,OCR_FOTOGRAFIAS_CLINICA,image-40aba2b6 (Hematologia / Microbiologia)
EX-LAB-RUBEOLA-IGG-IGM,Rubéola IGG IGM,GERAL,,LAB-RUBEOLA-IGG-IGM,,REVISAR_COM_CLINICA,OCR_FOTOGRAFIAS_CLINICA,image-0b4dc12c (Sorologia / Marcadores cardíacos)
EX-LAB-HCV,HCV,GERAL,,LAB-HCV,4000,CONFIRMADO,OCR_FOTOGRAFIAS_CLINICA,image-0b4dc12c (Sorologia / Marcadores cardíacos)
EX-LAB-HELICOBACTER-PYLORI,Helicobacter Pylori,GERAL,,LAB-HELICOBACTER-PYLORI,8000,CONFIRMADO,OCR_FOTOGRAFIAS_CLINICA,image-0b4dc12c (Sorologia / Marcadores cardíacos)
EX-LAB-FACTOR-REUMATOIDE,Factor Reumatoide,GERAL,,LAB-FACTOR-REUMATOIDE,4000,REVISAR_COM_CLINICA,OCR_FOTOGRAFIAS_CLINICA,image-0b4dc12c (Sorologia / Marcadores cardíacos)
EX-LAB-SALMONELA-AG,Salmonela AG,GERAL,,LAB-SALMONELA-AG,4000,CONFIRMADO,OCR_FOTOGRAFIAS_CLINICA,image-0b4dc12c (Sorologia / Marcadores cardíacos)
EX-LAB-TESTE-DE-GRAVIDEZ,Teste De Gravidez,GERAL,,LAB-TESTE-DE-GRAVIDEZ,2500,REVISAR_COM_CLINICA,OCR_FOTOGRAFIAS_CLINICA,image-0b4dc12c (Sorologia / Marcadores cardíacos)
EX-LAB-ASTO,ASTO,GERAL,,LAB-ASTO,4000,CONFIRMADO,OCR_FOTOGRAFIAS_CLINICA,image-0b4dc12c (Sorologia / Marcadores cardíacos)
EX-LAB-ROTAVIRUS,Rotavirus,GERAL,,LAB-ROTAVIRUS,4000,CONFIRMADO,OCR_FOTOGRAFIAS_CLINICA,image-0b4dc12c (Sorologia / Marcadores cardíacos)
EX-LAB-WIDAL,Widal,GERAL,,LAB-WIDAL,4000,CONFIRMADO,OCR_FOTOGRAFIAS_CLINICA,image-0b4dc12c (Sorologia / Marcadores cardíacos)
EX-LAB-TPHA,TPHA,GERAL,,LAB-TPHA,5000,CONFIRMADO,OCR_FOTOGRAFIAS_CLINICA,image-0b4dc12c (Sorologia / Marcadores cardíacos)
EX-LAB-CARDIO-COMBO-CK-MB-TROPONINA-MIOGLOBINA,"Cardio Combo (CK-MB Troponina, Mioglobina)",GERAL,,LAB-CARDIO-COMBO-CK-MB-TROPONINA-MIOGLOBINA,9000,CONFIRMADO,OCR_FOTOGRAFIAS_CLINICA,image-0b4dc12c (Sorologia / Marcadores cardíacos)
EX-LAB-D-DIMEROS,D-Dimeros,GERAL,,LAB-D-DIMEROS,4000,CONFIRMADO,OCR_FOTOGRAFIAS_CLINICA,image-0b4dc12c (Sorologia / Marcadores cardíacos)
EX-LAB-MIOGLOBINA,Mioglobina,GERAL,,LAB-MIOGLOBINA,,REVISAR_COM_CLINICA,OCR_FOTOGRAFIAS_CLINICA,image-0b4dc12c (Sorologia / Marcadores cardíacos)
EX-LAB-TROPONINA,Troponina,GERAL,,LAB-TROPONINA,4000,CONFIRMADO,OCR_FOTOGRAFIAS_CLINICA,image-0b4dc12c (Sorologia / Marcadores cardíacos)
EX-LAB-TUBERCULOSE-IGG-IGM,Tuberculose IGG IgM,GERAL,,LAB-TUBERCULOSE-IGG-IGM,5000,CONFIRMADO,OCR_FOTOGRAFIAS_CLINICA,image-0b4dc12c (Sorologia / Marcadores cardíacos)
EX-LAB-COAGULOGRAMA,Coagulograma,GERAL,,LAB-COAGULOGRAMA,8000,CONFIRMADO,OCR_FOTOGRAFIAS_CLINICA,image-0b4dc12c (Sorologia / Marcadores cardíacos)
EX-LAB-COAGULACAO,Coagulação,GERAL,,LAB-COAGULACAO,8000,CONFIRMADO,OCR_FOTOGRAFIAS_CLINICA,image-0b4dc12c (Sorologia / Marcadores cardíacos)
EX-LAB-TESTOSTERONA,Testosterona,GERAL,,LAB-TESTOSTERONA,8000,CONFIRMADO,OCR_FOTOGRAFIAS_CLINICA,image-0b4dc12c (Sorologia / Marcadores cardíacos)
EX-LAB-TEMPO-COAGULACAO,Tempo Coagulação,GERAL,,LAB-TEMPO-COAGULACAO,4000,CONFIRMADO,OCR_FOTOGRAFIAS_CLINICA,image-0b4dc12c (Sorologia / Marcadores cardíacos)
EX-LAB-TEMPO-SANGRAMENTO,Tempo Sangramento,GERAL,,LAB-TEMPO-SANGRAMENTO,4000,CONFIRMADO,OCR_FOTOGRAFIAS_CLINICA,image-0b4dc12c (Sorologia / Marcadores cardíacos)
EX-LAB-E-BACTERIOLOGICO-DE-URINA,E. Bacteriológico De Urina,Endocrinologia,,LAB-E-BACTERIOLOGICO-DE-URINA,4000,CONFIRMADO,OCR_FOTOGRAFIAS_CLINICA,image-a87efb4d (Endocrinologia / Microbiologia)
EX-LAB-E-DIRETA-DO-EXSUDADO-VAGINAL,E. Direta Do exsudado Vaginal,Endocrinologia,,LAB-E-DIRETA-DO-EXSUDADO-VAGINAL,4000,CONFIRMADO,OCR_FOTOGRAFIAS_CLINICA,image-a87efb4d (Endocrinologia / Microbiologia)
EX-LAB-E-PARASITOLOGICO-DE-FEZES,E. Parasitológico De Fezes,Endocrinologia,,LAB-E-PARASITOLOGICO-DE-FEZES,4000,CONFIRMADO,OCR_FOTOGRAFIAS_CLINICA,image-a87efb4d (Endocrinologia / Microbiologia)
EX-LAB-CLAMIDIA,Clamidia,Endocrinologia,,LAB-CLAMIDIA,5000,CONFIRMADO,OCR_FOTOGRAFIAS_CLINICA,image-a87efb4d (Endocrinologia / Microbiologia)
EX-LAB-SIFILIS-VDRL,Sifilis/VDRL,Endocrinologia,,LAB-SIFILIS-VDRL,3000,CONFIRMADO,OCR_FOTOGRAFIAS_CLINICA,image-a87efb4d (Endocrinologia / Microbiologia)
EX-LAB-BK,BK,Endocrinologia,,LAB-BK,4000,CONFIRMADO,OCR_FOTOGRAFIAS_CLINICA,image-a87efb4d (Endocrinologia / Microbiologia)
EX-LAB-GOTA-ESPESSA,Gota Espessa,Endocrinologia,,LAB-GOTA-ESPESSA,2000,CONFIRMADO,OCR_FOTOGRAFIAS_CLINICA,image-a87efb4d (Endocrinologia / Microbiologia)
EX-LAB-PSA,PSA,Endocrinologia,,LAB-PSA,8000,CONFIRMADO,OCR_FOTOGRAFIAS_CLINICA,image-a87efb4d (Endocrinologia / Microbiologia)
EX-LAB-ESTRADIOL,Estradiol,Endocrinologia,,LAB-ESTRADIOL,7500,CONFIRMADO,OCR_FOTOGRAFIAS_CLINICA,image-a87efb4d (Endocrinologia / Microbiologia)
EX-LAB-FSH,FSH,Endocrinologia,,LAB-FSH,8000,CONFIRMADO,OCR_FOTOGRAFIAS_CLINICA,image-a87efb4d (Endocrinologia / Microbiologia)
EX-LAB-PROLACTINA,Prolactina,Endocrinologia,,LAB-PROLACTINA,10000,CONFIRMADO,OCR_FOTOGRAFIAS_CLINICA,image-a87efb4d (Endocrinologia / Microbiologia)
EX-LAB-ANTICORPO-HBC-IGM,Anticorpo HBc IgM,Endocrinologia,,LAB-ANTICORPO-HBC-IGM,4000,CONFIRMADO,OCR_FOTOGRAFIAS_CLINICA,image-a87efb4d (Endocrinologia / Microbiologia)
EX-LAB-ANTICORPO-HBE,Anticorpo HBe,Endocrinologia,,LAB-ANTICORPO-HBE,4000,CONFIRMADO,OCR_FOTOGRAFIAS_CLINICA,image-a87efb4d (Endocrinologia / Microbiologia)
EX-LAB-ANTIGENIO-HBS,Antigénio HBs,Endocrinologia,,LAB-ANTIGENIO-HBS,4000,CONFIRMADO,OCR_FOTOGRAFIAS_CLINICA,image-a87efb4d (Endocrinologia / Microbiologia)
EX-LAB-ANTIGENIO-HEPATITE-B,Antigénio Hepatite B,Endocrinologia,,LAB-ANTIGENIO-HEPATITE-B,4000,CONFIRMADO,OCR_FOTOGRAFIAS_CLINICA,image-a87efb4d (Endocrinologia / Microbiologia)
EX-LAB-HBS-AG,HBS AG,Endocrinologia,,LAB-HBS-AG,3000,CONFIRMADO,OCR_FOTOGRAFIAS_CLINICA,image-a87efb4d (Endocrinologia / Microbiologia)
EX-LAB-T3,T3,Endocrinologia,,LAB-T3,4000,CONFIRMADO,OCR_FOTOGRAFIAS_CLINICA,image-a87efb4d (Endocrinologia / Microbiologia)
EX-LAB-T4,T4,Endocrinologia,,LAB-T4,4000,CONFIRMADO,OCR_FOTOGRAFIAS_CLINICA,image-a87efb4d (Endocrinologia / Microbiologia)
EX-LAB-LH,LH,Endocrinologia,,LAB-LH,8000,CONFIRMADO,OCR_FOTOGRAFIAS_CLINICA,image-a87efb4d (Endocrinologia / Microbiologia)
EX-LAB-VIH-TESTE-RAPIDO,VIH TESTE Rapido,Endocrinologia,,LAB-VIH-TESTE-RAPIDO,1500,CONFIRMADO,OCR_FOTOGRAFIAS_CLINICA,image-a87efb4d (Endocrinologia / Microbiologia)
EX-LAB-VIH-AG-AC-4A-GERACAO,VIH (AG/AC) 4a Geração,Endocrinologia,,LAB-VIH-AG-AC-4A-GERACAO,4500,CONFIRMADO,OCR_FOTOGRAFIAS_CLINICA,image-a87efb4d (Endocrinologia / Microbiologia)
EX-LAB-PROGESTERONA,Progesterona,Endocrinologia,,LAB-PROGESTERONA,8000,CONFIRMADO,OCR_FOTOGRAFIAS_CLINICA,image-a87efb4d (Endocrinologia / Microbiologia)
EX-LAB-TSH,TSH,Endocrinologia,,LAB-TSH,6000,CONFIRMADO,OCR_FOTOGRAFIAS_CLINICA,image-a87efb4d (Endocrinologia / Microbiologia)
EX-LAB-TOXOPLASMOSE,Toxoplasmose,Endocrinologia,,LAB-TOXOPLASMOSE,8000,CONFIRMADO,OCR_FOTOGRAFIAS_CLINICA,image-a87efb4d (Endocrinologia / Microbiologia)
EX-LAB-G-E,G.E.,GERAL,,LAB-G-E,2000,REVISAR_COM_CLINICA,OCR_FOTOGRAFIAS_CLINICA,image-aee66803 (Farmácia / cartões / manuscrito)
EX-LAB-HEMO-MAN,Hemograma completo,GERAL,,LAB-HEMO-MAN,4000,REVISAR_COM_CLINICA,OCR_FOTOGRAFIAS_CLINICA,image-aee66803 (Farmácia / cartões / manuscrito)
EX-LAB-WIDALL,Widall,GERAL,,LAB-WIDALL,4000,REVISAR_COM_CLINICA,OCR_FOTOGRAFIAS_CLINICA,image-aee66803 (Farmácia / cartões / manuscrito)
EX-LAB-GLICEMIA,Glicemia,GERAL,,LAB-GLICEMIA,2000,REVISAR_COM_CLINICA,OCR_FOTOGRAFIAS_CLINICA,image-aee66803 (Farmácia / cartões / manuscrito)
